DATE,BALANCE
2015-01-01,465308.19
2015-01-02,465308.19
2015-01-03,460326.72000000003
2015-01-04,460326.72000000003
2015-01-05,460326.72000000003
2015-01-06,460326.72000000003
2015-01-07,460326.72000000003
2015-01-08,460326.72000000003
2015-01-09,460326.72000000003
2015-01-10,460326.72000000003
2015-01-11,460326.72000000003
2015-01-12,460326.72000000003
2015-01-13,458648.53
2015-01-14,458288.76
2015-01-15,450788.76
2015-01-16,450551.16
2015-01-17,449700.37
2015-01-18,449700.37
2015-01-19,449700.37
2015-01-20,449700.37
2015-01-21,449700.37
2015-01-22,449700.37
2015-01-23,450989.54
2015-01-24,453011.43
2015-01-25,453011.43
2015-01-26,453011.43
2015-01-27,453011.43
2015-01-28,452878.68
2015-01-29,445220.83
2015-01-30,445220.83
2015-01-31,445220.83
2015-02-01,445220.83
2015-02-02,445220.83
2015-02-03,445220.83
2015-02-04,445064.52
2015-02-05,445060.97
2015-02-06,443042.47
2015-02-07,443042.47
2015-02-08,443042.47
2015-02-09,443042.47
2015-02-10,439641.02
2015-02-11,439641.02
2015-02-12,438010.99
2015-02-13,437768.83
2015-02-14,437389.06
2015-02-15,437389.06
2015-02-16,437389.06
2015-02-17,436731.77
2015-02-18,435598.32
2015-02-19,436366.0
2015-02-20,436366.0
2015-02-21,436366.0
2015-02-22,436366.0
2015-02-23,436366.0
2015-02-24,436346.0
2015-02-25,442703.53
2015-02-26,442703.53
2015-02-27,442703.53
2015-02-28,442572.18
2015-03-01,442572.18
2015-03-02,442572.18
2015-03-03,434914.06
2015-03-04,434914.06
2015-03-05,434914.06
2015-03-06,434914.06
2015-03-07,434842.06
2015-03-08,434842.06
2015-03-09,434842.06
2015-03-10,437872.06
2015-03-11,437872.06
2015-03-12,436415.53
2015-03-13,436173.87
2015-03-14,438234.15
2015-03-15,438234.15
2015-03-16,438234.15
2015-03-17,431874.41000000003
2015-03-18,431874.41000000003
2015-03-19,431874.41000000003
2015-03-20,431874.41000000003
2015-03-21,431874.41000000003
2015-03-22,431874.41000000003
2015-03-23,431874.41000000003
2015-03-24,431854.41000000003
2015-03-25,436708.78
2015-03-26,436291.53
2015-03-27,436465.53
2015-03-28,436465.53
2015-03-29,436465.53
2015-03-30,436465.53
2015-03-31,436465.53
2015-04-01,432384.18
2015-04-02,426781.83
2015-04-03,426781.83
2015-04-04,426781.83
2015-04-05,426781.83
2015-04-06,426781.83
2015-04-07,426781.83
2015-04-08,427033.94
2015-04-09,426530.34
2015-04-10,426530.34
2015-04-11,426530.34
2015-04-12,426530.34
2015-04-13,426530.34
2015-04-14,424492.38
2015-04-15,424492.38
2015-04-16,423973.10000000003
2015-04-17,420437.85000000003
2015-04-18,420437.85000000003
2015-04-19,420437.85000000003
2015-04-20,420437.85000000003
2015-04-21,420330.53
2015-04-22,420330.53
2015-04-23,420294.13
2015-04-24,425123.42000000004
2015-04-25,425115.33
2015-04-26,425115.33
2015-04-27,425115.33
2015-04-28,425115.33
2015-04-29,426588.43
2015-04-30,426588.43
2015-05-01,426519.58
2015-05-02,426519.58
2015-05-03,426519.58
2015-05-04,426519.58
2015-05-05,422046.01
2015-05-06,422046.01
2015-05-07,421306.48000000004
2015-05-08,421306.48000000004
2015-05-09,418306.48000000004
2015-05-10,418306.48000000004
2015-05-11,418306.48000000004
2015-05-12,415831.10000000003
2015-05-13,415589.44
2015-05-14,415231.41000000003
2015-05-15,415231.41000000003
2015-05-16,415097.58
2015-05-17,415097.58
2015-05-18,415097.58
2015-05-19,414240.29000000004
2015-05-20,414240.29000000004
2015-05-21,414020.29000000004
2015-05-22,414020.29000000004
2015-05-23,419971.68
2015-05-24,419971.68
2015-05-25,419971.68
2015-05-26,419971.68
2015-05-27,417272.23000000004
2015-05-28,417168.73000000004
2015-05-29,420053.74
2015-05-30,419806.39
2015-05-31,419806.39
2015-06-01,419806.39
2015-06-02,416147.45
2015-06-03,415814.18000000005
2015-06-04,416439.68000000005
2015-06-05,415707.03
2015-06-06,415326.52
2015-06-07,415326.52
2015-06-08,415326.52
2015-06-09,415326.52
2015-06-10,414201.52
2015-06-11,417176.52
2015-06-12,415576.14
2015-06-13,415333.03
2015-06-14,415333.03
2015-06-15,415333.03
2015-06-16,414974.05000000005
2015-06-17,412616.76
2015-06-18,412530.9
2015-06-19,412530.9
2015-06-20,413405.9
2015-06-21,413405.9
2015-06-22,413405.9
2015-06-23,413387.4
2015-06-24,411387.4
2015-06-25,420377.67000000004
2015-06-26,420377.67000000004
2015-06-27,420364.92000000004
2015-06-28,420364.92000000004
2015-06-29,420364.92000000004
2015-06-30,420293.19
2015-07-01,413447.77
2015-07-02,416036.38
2015-07-03,416036.38
2015-07-04,416036.08
2015-07-05,416036.08
2015-07-06,416036.08
2015-07-07,409879.77
2015-07-08,409879.77
2015-07-09,409859.77
2015-07-10,409859.77
2015-07-11,409858.92000000004
2015-07-12,409858.92000000004
2015-07-13,409858.92000000004
2015-07-14,405764.01
2015-07-15,400914.01
2015-07-16,399663.16000000003
2015-07-17,397671.9
2015-07-18,397196.05
2015-07-19,397196.05
2015-07-20,397196.05
2015-07-21,394758.21
2015-07-22,394758.21
2015-07-23,389507.26
2015-07-24,392345.18
2015-07-25,395345.18
2015-07-26,395345.18
2015-07-27,395345.18
2015-07-28,394245.18
2015-07-29,392645.18
2015-07-30,392513.18
2015-07-31,391563.18
2015-08-01,388931.83
2015-08-02,388931.83
2015-08-03,388931.83
2015-08-04,391359.71
2015-08-05,390255.22
2015-08-06,390010.71
2015-08-07,390010.71
2015-08-08,389982.11
2015-08-09,389982.11
2015-08-10,389982.11
2015-08-11,389962.24
2015-08-12,393226.07
2015-08-13,392984.41000000003
2015-08-14,392626.38
2015-08-15,392626.38
2015-08-16,392626.38
2015-08-17,392626.38
2015-08-18,391953.1
2015-08-19,391953.1
2015-08-20,391953.1
2015-08-21,391894.95
2015-08-22,391894.95
2015-08-23,391894.95
2015-08-24,391894.95
2015-08-25,396730.16000000003
2015-08-26,393730.16000000003
2015-08-27,393700.83
2015-08-28,393700.83
2015-08-29,394324.88
2015-08-30,394324.88
2015-08-31,394324.88
2015-09-01,389378.49
2015-09-02,387530.29000000004
2015-09-03,387530.29000000004
2015-09-04,389021.81000000006
2015-09-05,388961.33
2015-09-06,388961.33
2015-09-07,388961.33
2015-09-08,385940.23000000004
2015-09-09,385801.98000000004
2015-09-10,385801.98000000004
2015-09-11,385358.98000000004
2015-09-12,383997.94000000006
2015-09-13,383997.94000000006
2015-09-14,383997.94000000006
2015-09-15,383439.5
2015-09-16,383484.5
2015-09-17,382811.22000000003
2015-09-18,382306.28
2015-09-19,382306.28
2015-09-20,382306.28
2015-09-21,382306.28
2015-09-22,382210.28
2015-09-23,382210.28
2015-09-24,382208.53
2015-09-25,386750.89
2015-09-26,388660.89
2015-09-27,388660.89
2015-09-28,388660.89
2015-09-29,389820.89
2015-09-30,397220.89
2015-10-01,394869.54000000004
2015-10-02,394312.55000000005
2015-10-03,394156.24
2015-10-04,394156.24
2015-10-05,394156.24
2015-10-06,394072.56000000006
2015-10-07,393606.55000000005
2015-10-08,394606.55000000005
2015-10-09,394606.55000000005
2015-10-10,393636.55000000005
2015-10-11,393636.55000000005
2015-10-12,393636.55000000005
2015-10-13,393636.55000000005
2015-10-14,391494.69000000006
2015-10-15,390956.85000000003
2015-10-16,390743.35000000003
2015-10-17,390070.07000000007
2015-10-18,390070.07000000007
2015-10-19,390070.07000000007
2015-10-20,390075.66000000003
2015-10-21,390075.66000000003
2015-10-22,390075.66000000003
2015-10-23,394485.72000000003
2015-10-24,391485.72000000003
2015-10-25,391485.72000000003
2015-10-26,391485.72000000003
2015-10-27,389595.65
2015-10-28,387695.65
2015-10-29,389445.65
2015-10-30,387373.36000000004
2015-10-31,386942.71
2015-11-01,386942.71
2015-11-02,386942.71
2015-11-03,383328.99000000005
2015-11-04,383328.99000000005
2015-11-05,383025.28
2015-11-06,380529.23000000004
2015-11-07,379579.23000000004
2015-11-08,379579.23000000004
2015-11-09,379579.23000000004
2015-11-10,379379.23000000004
2015-11-11,379379.23000000004
2015-11-12,381408.5
2015-11-13,381408.5
2015-11-14,381050.47000000003
2015-11-15,381050.47000000003
2015-11-16,381050.47000000003
2015-11-17,380387.82000000007
2015-11-18,379997.34
2015-11-19,379997.34
2015-11-20,379997.34
2015-11-21,379645.38
2015-11-22,379645.38
2015-11-23,379645.38
2015-11-24,379337.88
2015-11-25,385100.62000000005
2015-11-26,382680.62000000005
2015-11-27,382459.12000000005
2015-11-28,383259.12000000005
2015-11-29,383259.12000000005
2015-11-30,383259.12000000005
2015-12-01,382366.97000000003
2015-12-02,381055.48000000004
2015-12-03,380955.48000000004
2015-12-04,380657.98000000004
2015-12-05,382222.81000000006
2015-12-06,382222.81000000006
2015-12-07,382222.81000000006
2015-12-08,382222.81000000006
2015-12-09,382222.81000000006
2015-12-10,382222.81000000006
2015-12-11,382222.81000000006
2015-12-12,380829.63
2015-12-13,380829.63
2015-12-14,380829.63
2015-12-15,380214.66000000003
2015-12-16,380214.66000000003
2015-12-17,381937.01
2015-12-18,381745.4
2015-12-19,381745.4
2015-12-20,381745.4
2015-12-21,381745.4
2015-12-22,387009.22000000003
2015-12-23,387009.22000000003
2015-12-24,383442.25
2015-12-25,384926.23000000004
2015-12-26,384926.23000000004
2015-12-27,384926.23000000004
2015-12-28,384926.23000000004
2015-12-29,382243.95
2015-12-30,382243.95
2015-12-31,382243.95
2016-01-01,376212.60000000003
2016-01-02,376212.60000000003
2016-01-03,376212.60000000003
2016-01-04,376212.60000000003
2016-01-05,368978.37
2016-01-06,366478.37
2016-01-07,366478.37
2016-01-08,366483.87
2016-01-09,366483.87
2016-01-10,366483.87
2016-01-11,366483.87
2016-01-12,360123.49
2016-01-13,360123.49
2016-01-14,359513.62
2016-01-15,358013.62
2016-01-16,357684.52
2016-01-17,357684.52
2016-01-18,357684.52
2016-01-19,357037.86
2016-01-20,357031.86
2016-01-21,356872.56
2016-01-22,357747.56
2016-01-23,356196.67000000004
2016-01-24,356196.67000000004
2016-01-25,356196.67000000004
2016-01-26,356296.67000000004
2016-01-27,353266.67000000004
2016-01-28,353025.17000000004
2016-01-29,351579.68
2016-01-30,353178.33
2016-01-31,353178.33
2016-02-01,353178.33
2016-02-02,349221.65
2016-02-03,346221.65
2016-02-04,346221.65
2016-02-05,346144.65
2016-02-06,346144.65
2016-02-07,346144.65
2016-02-08,346144.65
2016-02-09,346144.65
2016-02-10,346144.65
2016-02-11,346144.65
2016-02-12,344789.19
2016-02-13,344789.19
2016-02-14,344789.19
2016-02-15,344789.19
2016-02-16,343993.08
2016-02-17,343330.43
2016-02-18,334227.39
2016-02-19,334155.71
2016-02-20,335405.71
2016-02-21,335405.71
2016-02-22,335405.71
2016-02-23,335184.21
2016-02-24,335971.71
2016-02-25,342124.42000000004
2016-02-26,342124.42000000004
2016-02-27,336624.42000000004
2016-02-28,336624.42000000004
2016-03-01,335784.60000000003
2016-03-02,330574.10000000003
2016-03-03,330574.10000000003
2016-03-04,330844.10000000003
2016-03-05,330861.80000000005
2016-03-06,330861.80000000005
2016-03-07,330861.80000000005
2016-03-08,330554.80000000005
2016-03-09,330554.80000000005
2016-03-10,330554.80000000005
2016-03-11,329896.30000000005
2016-03-12,337315.54000000004
2016-03-13,337315.54000000004
2016-03-14,337315.54000000004
2016-03-15,328115.98000000004
2016-03-16,328086.5800000001
2016-03-17,327400.5900000001
2016-03-18,329429.01000000007
2016-03-19,329866.51000000007
2016-03-20,329866.51000000007
2016-03-21,329866.51000000007
2016-03-22,329866.51000000007
2016-03-23,334235.57000000007
2016-03-24,334235.57000000007
2016-03-25,334014.07000000007
2016-03-26,334014.07000000007
2016-03-27,334014.07000000007
2016-03-28,334014.07000000007
2016-03-29,331278.13000000006
2016-03-30,331260.04000000004
2016-03-31,328335.04000000004
2016-04-01,328334.0900000001
2016-04-02,324375.2300000001
2016-04-03,324375.2300000001
2016-04-04,324375.2300000001
2016-04-05,324146.17000000004
2016-04-06,324986.17000000004
2016-04-07,324986.17000000004
2016-04-08,327832.1400000001
2016-04-09,327832.1400000001
2016-04-10,327832.1400000001
2016-04-11,327832.1400000001
2016-04-12,324160.07000000007
2016-04-13,327597.57000000007
2016-04-14,327239.54000000004
2016-04-15,326749.56000000006
2016-04-16,325779.11000000004
2016-04-17,325779.11000000004
2016-04-18,325779.11000000004
2016-04-19,325116.4600000001
2016-04-20,325116.4600000001
2016-04-21,323997.30000000005
2016-04-22,323997.30000000005
2016-04-23,329007.23000000004
2016-04-24,329007.23000000004
2016-04-25,329007.23000000004
2016-04-26,327487.23000000004
2016-04-27,327487.23000000004
2016-04-28,327419.61000000004
2016-04-29,325392.76
2016-04-30,327031.61000000004
2016-05-01,327031.61000000004
2016-05-02,327031.61000000004
2016-05-03,326034.55000000005
2016-05-04,324514.42000000004
2016-05-05,323403.69000000006
2016-05-06,323361.69000000006
2016-05-07,323261.69000000006
2016-05-08,323261.69000000006
2016-05-09,323261.69000000006
2016-05-10,323261.69000000006
2016-05-11,323224.69000000006
2016-05-12,323695.17000000004
2016-05-13,323694.32000000007
2016-05-14,323337.49000000005
2016-05-15,323337.49000000005
2016-05-16,323337.49000000005
2016-05-17,322290.8300000001
2016-05-18,323567.0800000001
2016-05-19,323567.0800000001
2016-05-20,323567.0800000001
2016-05-21,323231.0800000001
2016-05-22,323231.0800000001
2016-05-23,323231.0800000001
2016-05-24,323166.30000000005
2016-05-25,329571.48000000004
2016-05-26,329571.48000000004
2016-05-27,329429.98000000004
2016-05-28,326429.98000000004
2016-05-29,326429.98000000004
2016-05-30,326429.98000000004
2016-05-31,324650.98000000004
2016-06-01,324645.28
2016-06-02,322566.33
2016-06-03,325841.33
2016-06-04,325142.33
2016-06-05,325142.33
2016-06-06,325142.33
2016-06-07,325142.33
2016-06-08,325142.33
2016-06-09,325142.33
2016-06-10,325142.33
2016-06-11,324920.93000000005
2016-06-12,324920.93000000005
2016-06-13,324920.93000000005
2016-06-14,323223.91000000003
2016-06-15,324828.53
2016-06-16,324582.53
2016-06-17,323196.71
2016-06-18,323160.72000000003
2016-06-19,323160.72000000003
2016-06-20,323160.72000000003
2016-06-21,323160.72000000003
2016-06-22,323160.72000000003
2016-06-23,323101.27
2016-06-24,332496.49
2016-06-25,332496.49
2016-06-26,332496.49
2016-06-27,332496.49
2016-06-28,332596.49
2016-06-29,332374.99
2016-06-30,332335.1
2016-07-01,329205.30000000005
2016-07-02,326999.82
2016-07-03,326999.82
2016-07-04,326999.82
2016-07-05,327019.86
2016-07-06,327019.86
2016-07-07,327019.86
2016-07-08,327019.86
2016-07-09,326832.86
2016-07-10,326832.86
2016-07-11,326832.86
2016-07-12,325484.06000000006
2016-07-13,326271.56000000006
2016-07-14,325154.11
2016-07-15,325154.11
2016-07-16,324746.7
2016-07-17,324746.7
2016-07-18,324746.7
2016-07-19,322878.55000000005
2016-07-20,322878.55000000005
2016-07-21,322878.55000000005
2016-07-22,327436.07
2016-07-23,327873.57
2016-07-24,327873.57
2016-07-25,327873.57
2016-07-26,328919.76
2016-07-27,328919.76
2016-07-28,328919.76
2016-07-29,328919.76
2016-07-30,328859.76
2016-07-31,328859.76
2016-08-01,328859.76
2016-08-02,324191.77
2016-08-03,324535.7
2016-08-04,325381.80000000005
2016-08-05,325300.35
2016-08-06,325054.89
2016-08-07,325054.89
2016-08-08,325054.89
2016-08-09,324794.89
2016-08-10,324619.89
2016-08-11,324619.89
2016-08-12,323279.96
2016-08-13,323279.96
2016-08-14,323279.96
2016-08-15,323279.96
2016-08-16,323279.96
2016-08-17,321960.01
2016-08-18,321735.85
2016-08-19,321692.73
2016-08-20,321629.63
2016-08-21,321629.63
2016-08-22,321629.63
2016-08-23,320329.4
2016-08-24,320629.4
2016-08-25,322666.57
2016-08-26,322666.57
2016-08-27,322525.87
2016-08-28,322525.87
2016-08-29,322525.87
2016-08-30,322525.87
2016-08-31,322881.37
2016-09-01,322881.37
2016-09-02,320166.27
2016-09-03,323239.76
2016-09-04,323239.76
2016-09-05,323239.76
2016-09-06,322801.0
2016-09-07,322781.0
2016-09-08,322160.05999999994
2016-09-09,322059.20999999996
2016-09-10,322059.20999999996
2016-09-11,322059.20999999996
2016-09-12,322059.20999999996
2016-09-13,322786.7899999999
2016-09-14,322429.95999999996
2016-09-15,322429.95999999996
2016-09-16,322190.61
2016-09-17,321534.95999999996
2016-09-18,321534.95999999996
2016-09-19,321534.95999999996
2016-09-20,321524.20999999996
2016-09-21,321524.20999999996
2016-09-22,321053.39999999997
2016-09-23,326884.35
2016-09-24,326884.35
2016-09-25,326884.35
2016-09-26,326884.35
2016-09-27,326882.69999999995
2016-09-28,326881.4
2016-09-29,324855.95999999996
2016-09-30,324847.01
2016-10-01,324698.86
2016-10-02,324698.86
2016-10-03,324698.86
2016-10-04,321253.8
2016-10-05,322553.8
2016-10-06,322306.69
2016-10-07,323304.19
2016-10-08,323301.49
2016-10-09,323301.49
2016-10-10,323301.49
2016-10-11,323324.91000000003
2016-10-12,321975.4
2016-10-13,321975.4
2016-10-14,321114.53
2016-10-15,321001.95
2016-10-16,321001.95
2016-10-17,321001.95
2016-10-18,325596.41000000003
2016-10-19,324090.02
2016-10-20,324090.02
2016-10-21,324114.15
2016-10-22,323510.11
2016-10-23,323510.11
2016-10-24,323510.11
2016-10-25,328785.58999999997
2016-10-26,325229.38
2016-10-27,325190.88
2016-10-28,324916.01
2016-10-29,324916.01
2016-10-30,324916.01
2016-10-31,324916.01
2016-11-01,323994.74
2016-11-02,323994.74
2016-11-03,319095.41000000003
2016-11-04,319092.68000000005
2016-11-05,318368.36
2016-11-06,318368.36
2016-11-07,318368.36
2016-11-08,317424.58
2016-11-09,317408.76
2016-11-10,317408.76
2016-11-11,317396.99
2016-11-12,316069.81000000006
2016-11-13,316069.81000000006
2016-11-14,316069.81000000006
2016-11-15,315650.13
2016-11-16,315650.13
2016-11-17,314975.64
2016-11-18,314261.93000000005
2016-11-19,314250.65
2016-11-20,314250.65
2016-11-21,314250.65
2016-11-22,313802.63000000006
2016-11-23,313802.63000000006
2016-11-24,313764.31000000006
2016-11-25,318621.04000000004
2016-11-26,318579.6000000001
2016-11-27,318579.6000000001
2016-11-28,318579.6000000001
2016-11-29,318378.29000000004
2016-11-30,318351.41000000003
2016-12-01,315166.07000000007
2016-12-02,310663.7700000001
2016-12-03,312161.5200000001
2016-12-04,312161.5200000001
2016-12-05,312161.5200000001
2016-12-06,310524.9700000001
2016-12-07,310524.9700000001
2016-12-08,310311.2300000001
2016-12-09,310311.2300000001
2016-12-10,311038.65000000014
2016-12-11,311038.65000000014
2016-12-12,311038.65000000014
2016-12-13,308698.52000000014
2016-12-14,308138.3300000001
2016-12-15,308138.3300000001
2016-12-16,307677.6800000001
2016-12-17,306946.1200000001
2016-12-18,306946.1200000001
2016-12-19,306946.1200000001
2016-12-20,308283.3800000001
2016-12-21,305335.9300000001
2016-12-22,315534.4300000001
2016-12-23,312522.8100000001
2016-12-24,312176.5000000001
2016-12-25,312176.5000000001
2016-12-26,312176.5000000001
2016-12-27,312148.04000000015
2016-12-28,312137.2500000001
2016-12-29,315918.9800000001
2016-12-30,316118.9800000001
2016-12-31,315975.18000000017
2017-01-01,315975.18000000017
2017-01-02,315975.18000000017
2017-01-03,313885.64000000013
2017-01-04,313417.34000000014
2017-01-05,313317.59000000014
2017-01-06,313317.59000000014
2017-01-07,313317.59000000014
2017-01-08,313317.59000000014
2017-01-09,313317.59000000014
2017-01-10,316152.59000000014
2017-01-11,319192.67000000016
2017-01-12,317864.52000000014
2017-01-13,317949.7500000001
2017-01-14,317599.23000000016
2017-01-15,317599.23000000016
2017-01-16,317599.23000000016
2017-01-17,316925.35000000015
2017-01-18,317133.22000000015
2017-01-19,317432.36000000016
2017-01-20,314373.0800000002
2017-01-21,314372.35000000015
2017-01-22,314372.35000000015
2017-01-23,314372.35000000015
2017-01-24,314371.17000000016
2017-01-25,319330.7000000002
2017-01-26,319412.7000000002
2017-01-27,320034.9400000002
2017-01-28,319817.4900000001
2017-01-29,319817.4900000001
2017-01-30,319817.4900000001
2017-01-31,319732.71000000014
2017-02-01,319696.72000000015
2017-02-02,315730.60000000015
2017-02-03,315728.2600000001
2017-02-04,317204.74000000017
2017-02-05,317204.74000000017
2017-02-06,317204.74000000017
2017-02-07,315560.6900000002
2017-02-08,315559.1900000002
2017-02-09,314607.8100000002
2017-02-10,314607.8100000002
2017-02-11,314607.8100000002
2017-02-12,314607.8100000002
2017-02-13,314607.8100000002
2017-02-14,312222.86000000016
2017-02-15,312187.0000000002
2017-02-16,314205.8800000002
2017-02-17,311536.65000000014
2017-02-18,311473.8200000002
2017-02-19,311473.8200000002
2017-02-20,311473.8200000002
2017-02-21,308406.6300000002
2017-02-22,308067.28000000014
2017-02-23,308066.4800000002
2017-02-24,313668.5100000002
2017-02-25,313668.5100000002
2017-02-26,313668.5100000002
2017-02-27,313668.5100000002
2017-02-28,313308.9700000002
2017-03-01,313113.3900000002
2017-03-02,310775.7000000002
2017-03-03,310720.2500000002
2017-03-04,310595.03000000014
2017-03-05,310595.03000000014
2017-03-06,310595.03000000014
2017-03-07,310449.2300000002
2017-03-08,310307.9000000002
2017-03-09,308786.2300000002
2017-03-10,308786.2300000002
2017-03-11,308757.1300000002
2017-03-12,308757.1300000002
2017-03-13,308757.1300000002
2017-03-14,306884.8300000002
2017-03-15,307508.7600000002
2017-03-16,306807.3300000002
2017-03-17,304515.8500000002
2017-03-18,304270.9500000002
2017-03-19,304270.9500000002
2017-03-20,304270.9500000002
2017-03-21,303207.6900000002
2017-03-22,303052.5100000002
2017-03-23,303051.7100000002
2017-03-24,308352.4400000002
2017-03-25,308341.50000000023
2017-03-26,308341.50000000023
2017-03-27,308341.50000000023
2017-03-28,299319.8300000002
2017-03-29,299290.8300000002
2017-03-30,299289.43000000017
2017-03-31,299164.1200000002
2017-04-01,294346.0800000002
2017-04-02,294346.0800000002
2017-04-03,294346.0800000002
2017-04-04,289270.30000000016
2017-04-05,290563.8100000002
2017-04-06,287563.8100000002
2017-04-07,287484.4700000002
2017-04-08,287202.4000000002
2017-04-09,287202.4000000002
2017-04-10,287202.4000000002
2017-04-11,287088.7700000002
2017-04-12,285708.3500000002
2017-04-13,285637.90000000014
2017-04-14,285048.15000000014
2017-04-15,285048.15000000014
2017-04-16,285048.15000000014
2017-04-17,285048.15000000014
2017-04-18,282128.41000000015
2017-04-19,282243.6400000002
2017-04-20,280713.7100000002
2017-04-21,281593.7100000002
2017-04-22,281456.1100000002
2017-04-23,281456.1100000002
2017-04-24,281456.1100000002
2017-04-25,285035.7700000002
2017-04-26,280035.7700000002
2017-04-27,280135.7700000002
2017-04-28,280012.2000000002
2017-04-29,283184.78000000014
2017-04-30,283184.78000000014
2017-05-01,283184.78000000014
2017-05-02,283184.78000000014
2017-05-03,282633.90000000014
2017-05-04,283467.6000000002
2017-05-05,282861.2600000002
2017-05-06,281361.2600000002
2017-05-07,281361.2600000002
2017-05-08,281361.2600000002
2017-05-09,281359.8600000002
2017-05-10,280317.3500000002
2017-05-11,282060.41000000015
2017-05-12,280713.54000000015
2017-05-13,280688.03000000014
2017-05-14,280688.03000000014
2017-05-15,280688.03000000014
2017-05-16,280301.15000000014
2017-05-17,280094.74000000017
2017-05-18,279751.7600000001
2017-05-19,279751.7600000001
2017-05-20,279783.3300000002
2017-05-21,279783.3300000002
2017-05-22,279783.3300000002
2017-05-23,270778.14000000013
2017-05-24,270575.0700000002
2017-05-25,277042.27000000014
2017-05-26,276997.2100000002
2017-05-27,276997.2100000002
2017-05-28,276997.2100000002
2017-05-29,276997.2100000002
2017-05-30,273809.2000000002
2017-05-31,273725.80000000016
2017-06-01,274348.6900000002
2017-06-02,267666.5000000002
2017-06-03,264365.77000000014
2017-06-04,264365.77000000014
2017-06-05,264365.77000000014
2017-06-06,263302.24000000017
2017-06-07,265679.3400000002
2017-06-08,263084.8400000002
2017-06-09,263083.2100000002
2017-06-10,263052.65000000014
2017-06-11,263052.65000000014
2017-06-12,263052.65000000014
2017-06-13,265923.2000000002
2017-06-14,265534.5100000001
2017-06-15,265506.9400000002
2017-06-16,264725.48000000016
2017-06-17,264442.02000000014
2017-06-18,264442.02000000014
2017-06-19,264442.02000000014
2017-06-20,264379.53000000014
2017-06-21,264377.8500000002
2017-06-22,264362.40000000014
2017-06-23,264362.40000000014
2017-06-24,264360.5000000002
2017-06-25,264360.5000000002
2017-06-26,264360.5000000002
2017-06-27,264000.6900000002
2017-06-28,263847.24000000017
2017-06-29,263844.62000000017
2017-06-30,263916.5900000002
2017-07-01,260732.46000000017
2017-07-02,260732.46000000017
2017-07-03,260732.46000000017
2017-07-04,257743.97000000018
2017-07-05,258807.34000000017
2017-07-06,257332.11000000016
2017-07-07,257241.31000000017
2017-07-08,256630.77000000016
2017-07-09,256630.77000000016
2017-07-10,256630.77000000016
2017-07-11,248448.80000000016
2017-07-12,248494.33000000016
2017-07-13,248340.31000000017
2017-07-14,247879.34000000017
2017-07-15,247634.19000000018
2017-07-16,247634.19000000018
2017-07-17,247634.19000000018
2017-07-18,246593.8900000002
2017-07-19,246591.48000000019
2017-07-20,246589.69000000018
2017-07-21,245919.37000000017
2017-07-22,245918.20000000016
2017-07-23,245918.20000000016
2017-07-24,245918.20000000016
2017-07-25,252057.56000000017
2017-07-26,252035.61000000016
2017-07-27,252035.61000000016
2017-07-28,246181.96000000017
2017-07-29,245581.96000000017
2017-07-30,245581.96000000017
2017-07-31,245581.96000000017
2017-08-01,245581.96000000017
2017-08-02,239370.33000000016
2017-08-03,239370.33000000016
2017-08-04,239280.33000000016
2017-08-05,239854.38000000015
2017-08-06,239854.38000000015
2017-08-07,239854.38000000015
2017-08-08,239338.22000000015
2017-08-09,239338.22000000015
2017-08-10,240125.72000000015
2017-08-11,240125.72000000015
2017-08-12,239964.48000000016
2017-08-13,239964.48000000016
2017-08-14,239964.48000000016
2017-08-15,239912.46000000017
2017-08-16,239912.46000000017
2017-08-17,239098.28000000017
2017-08-18,238245.38000000018
2017-08-19,238245.38000000018
2017-08-20,238245.38000000018
2017-08-21,238245.38000000018
2017-08-22,239590.88000000018
2017-08-23,239584.01000000018
2017-08-24,239754.31000000017
2017-08-25,244837.47000000018
2017-08-26,244936.77000000016
2017-08-27,244936.77000000016
2017-08-28,244936.77000000016
2017-08-29,244935.18000000017
2017-08-30,244840.33000000016
2017-08-31,243940.94000000015
2017-09-01,243690.14000000016
2017-09-02,238801.84000000017
2017-09-03,238801.84000000017
2017-09-04,238801.84000000017
2017-09-05,238662.22000000018
2017-09-06,238649.44000000018
2017-09-07,237963.59000000017
2017-09-08,237501.75000000017
2017-09-09,237037.52000000016
2017-09-10,237037.52000000016
2017-09-11,237037.52000000016
2017-09-12,237046.71000000017
2017-09-13,236916.16000000018
2017-09-14,236471.9200000002
2017-09-15,236469.8700000002
2017-09-16,234966.1400000002
2017-09-17,234966.1400000002
2017-09-18,234966.1400000002
2017-09-19,234313.72000000018
2017-09-20,235970.69000000018
2017-09-21,235891.6100000002
2017-09-22,235764.3900000002
2017-09-23,241033.8900000002
2017-09-24,241033.8900000002
2017-09-25,241033.8900000002
2017-09-26,237656.41000000018
2017-09-27,237653.4500000002
2017-09-28,237629.1800000002
2017-09-29,239503.0900000002
2017-09-30,240200.6800000002
2017-10-01,240200.6800000002
2017-10-02,240200.6800000002
2017-10-03,232845.5500000002
2017-10-04,233734.85000000018
2017-10-05,235116.63000000018
2017-10-06,234736.99000000017
2017-10-07,234605.32000000015
2017-10-08,234605.32000000015
2017-10-09,234605.32000000015
2017-10-10,234605.32000000015
2017-10-11,234503.83000000016
2017-10-12,234547.17000000016
2017-10-13,234547.17000000016
2017-10-14,234190.34000000017
2017-10-15,234190.34000000017
2017-10-16,234190.34000000017
2017-10-17,233488.53000000017
2017-10-18,233330.83000000016
2017-10-19,233264.55000000016
2017-10-20,233085.85000000015
2017-10-21,232727.25000000015
2017-10-22,232727.25000000015
2017-10-23,232727.25000000015
2017-10-24,232122.68000000014
2017-10-25,235580.29000000015
2017-10-26,235559.39000000016
2017-10-27,235791.38000000015
2017-10-28,235785.24000000014
2017-10-29,235785.24000000014
2017-10-30,235785.24000000014
2017-10-31,235701.34000000014
2017-11-01,233252.41000000015
2017-11-02,233252.41000000015
2017-11-03,235205.91000000015
2017-11-04,235026.41000000015
2017-11-05,235026.41000000015
2017-11-06,235026.41000000015
2017-11-07,233346.41000000015
2017-11-08,233342.94000000015
2017-11-09,232947.56000000014
2017-11-10,232747.56000000014
2017-11-11,232716.40000000014
2017-11-12,232716.40000000014
2017-11-13,232716.40000000014
2017-11-14,232389.94000000015
2017-11-15,233340.08000000016
2017-11-16,234169.35000000015
2017-11-17,240905.72000000015
2017-11-18,232281.95000000016
2017-11-19,232281.95000000016
2017-11-20,232281.95000000016
2017-11-21,232187.41000000015
2017-11-22,233180.79000000015
2017-11-23,233644.57000000015
2017-11-24,240456.47000000015
2017-11-25,239844.85000000015
2017-11-26,239844.85000000015
2017-11-27,239844.85000000015
2017-11-28,234843.15000000014
2017-11-29,234441.86000000013
2017-11-30,234440.14000000013
2017-12-01,235358.33000000013
2017-12-02,237253.53000000014
2017-12-03,237253.53000000014
2017-12-04,237253.53000000014
2017-12-05,235813.04000000015
2017-12-06,232604.36000000016
2017-12-07,232604.36000000016
2017-12-08,235307.97000000015
2017-12-09,235307.97000000015
2017-12-10,235307.97000000015
2017-12-11,235307.97000000015
2017-12-12,233005.71000000014
2017-12-13,234721.30000000013
2017-12-14,237237.67000000013
2017-12-15,234236.89000000013
2017-12-16,235592.15000000014
2017-12-17,235592.15000000014
2017-12-18,235592.15000000014
2017-12-19,234626.25000000015
2017-12-20,239099.30000000013
2017-12-21,239061.12000000014
2017-12-22,247397.33000000013
2017-12-23,243578.44000000012
2017-12-24,243578.44000000012
2017-12-25,243578.44000000012
2017-12-26,243578.44000000012
2017-12-27,243568.45000000013
2017-12-28,240578.45000000013
2017-12-29,237849.45000000013
2017-12-30,237644.91000000012
2017-12-31,237644.91000000012
2018-01-01,237644.91000000012
2018-01-02,237644.91000000012
2018-01-03,232376.4000000001
2018-01-04,232449.35000000012
2018-01-05,231978.1200000001
2018-01-06,234731.3900000001
2018-01-07,234731.3900000001
2018-01-08,234731.3900000001
2018-01-09,232480.78000000012
2018-01-10,233262.92000000013
2018-01-11,232982.14000000013
2018-01-12,233021.65000000014
2018-01-13,232654.65000000014
2018-01-14,232654.65000000014
2018-01-15,232654.65000000014
2018-01-16,234090.07000000015
2018-01-17,233319.55000000016
2018-01-18,232993.04000000015
2018-01-19,232991.75000000015
2018-01-20,232991.48000000016
2018-01-21,232991.48000000016
2018-01-22,232991.48000000016
2018-01-23,232731.95000000016
2018-01-24,234221.44000000015
2018-01-25,236591.31000000014
2018-01-26,234590.82000000015
2018-01-27,234587.87000000014
2018-01-28,234587.87000000014
2018-01-29,234587.87000000014
2018-01-30,232581.97000000015
2018-01-31,232478.29000000015
2018-02-01,235624.20000000016
2018-02-02,233718.19000000015
2018-02-03,232118.19000000015
2018-02-04,232118.19000000015
2018-02-05,232118.19000000015
2018-02-06,231938.19000000015
2018-02-07,232546.53000000014
2018-02-08,232598.93000000014
2018-02-09,232651.93000000014
2018-02-10,232651.93000000014
2018-02-11,232651.93000000014
2018-02-12,232651.93000000014
2018-02-13,232810.20000000013
2018-02-14,232810.20000000013
2018-02-15,232810.20000000013
2018-02-16,232482.0600000001
2018-02-17,230231.54000000012
2018-02-18,230231.54000000012
2018-02-19,230231.54000000012
2018-02-20,230149.10000000012
2018-02-21,230145.14000000013
2018-02-22,230115.32000000012
2018-02-23,235090.97000000012
2018-02-24,235059.4000000001
2018-02-25,235059.4000000001
2018-02-26,235059.4000000001
2018-02-27,229935.5900000001
2018-02-28,229904.6100000001
2018-03-01,227405.1700000001
2018-03-02,222146.6600000001
2018-03-03,222102.4500000001
2018-03-04,222102.4500000001
2018-03-05,222102.4500000001
2018-03-06,221630.7200000001
2018-03-07,221355.99000000008
2018-03-08,221355.99000000008
2018-03-09,221355.99000000008
2018-03-10,221327.59000000008
2018-03-11,221327.59000000008
2018-03-12,221327.59000000008
2018-03-13,218318.2900000001
2018-03-14,217961.4600000001
2018-03-15,217961.4600000001
2018-03-16,217697.9500000001
2018-03-17,216547.4300000001
2018-03-18,216547.4300000001
2018-03-19,216547.4300000001
2018-03-20,216289.3400000001
2018-03-21,216958.29000000012
2018-03-22,216831.85000000012
2018-03-23,221515.9300000001
2018-03-24,219464.1400000001
2018-03-25,219464.1400000001
2018-03-26,219464.1400000001
2018-03-27,215758.1500000001
2018-03-28,215526.00000000012
2018-03-29,215507.1500000001
2018-03-30,215607.1500000001
2018-03-31,215607.1500000001
2018-04-01,215607.1500000001
2018-04-02,215607.1500000001
2018-04-03,212690.9900000001
2018-04-04,209666.4200000001
2018-04-05,209565.6300000001
2018-04-06,209458.2800000001
2018-04-07,209010.2600000001
2018-04-08,209010.2600000001
2018-04-09,209010.2600000001
2018-04-10,210830.0700000001
2018-04-11,208400.7100000001
2018-04-12,204609.0100000001
2018-04-13,204641.87000000008
2018-04-14,204285.0400000001
2018-04-15,204285.0400000001
2018-04-16,204285.0400000001
2018-04-17,203634.5200000001
2018-04-18,203676.5600000001
2018-04-19,203320.8600000001
2018-04-20,203235.4600000001
2018-04-21,203203.0100000001
2018-04-22,203203.0100000001
2018-04-23,203203.0100000001
2018-04-24,202610.2800000001
2018-04-25,207605.31000000008
2018-04-26,204996.31000000008
2018-04-27,204996.31000000008
2018-04-28,204471.5100000001
2018-04-29,204471.5100000001
2018-04-30,204471.5100000001
2018-05-01,201408.4100000001
2018-05-02,201408.4100000001
2018-05-03,199738.2200000001
2018-05-04,200145.63000000006
2018-05-05,199993.23000000004
2018-05-06,199993.23000000004
2018-05-07,199993.23000000004
2018-05-08,199264.56000000006
2018-05-09,199002.27000000008
2018-05-10,198991.27000000008
2018-05-11,201672.7200000001
2018-05-12,199710.9800000001
2018-05-13,199710.9800000001
2018-05-14,199710.9800000001
2018-05-15,200837.3500000001
2018-05-16,200137.3500000001
2018-05-17,198996.27000000008
2018-05-18,198635.62000000005
2018-05-19,198623.94000000006
2018-05-20,198623.94000000006
2018-05-21,198623.94000000006
2018-05-22,198623.94000000006
2018-05-23,198361.89000000007
2018-05-24,198361.89000000007
2018-05-25,204481.76000000007
2018-05-26,204405.17000000007
2018-05-27,204405.17000000007
2018-05-28,204405.17000000007
2018-05-29,201342.57000000007
2018-05-30,201528.7800000001
2018-05-31,201425.1000000001
2018-06-01,200601.14000000007
2018-06-02,198260.9200000001
2018-06-03,198260.9200000001
2018-06-04,198260.9200000001
2018-06-05,199170.0400000001
2018-06-06,198750.9900000001
2018-06-07,201169.0600000001
2018-06-08,201164.76000000013
2018-06-09,201306.47000000015
2018-06-10,201306.47000000015
2018-06-11,201306.47000000015
2018-06-12,200538.01000000013
2018-06-13,200338.01000000013
2018-06-14,200908.66000000015
2018-06-15,200896.16000000015
2018-06-16,200259.41000000015
2018-06-17,200259.41000000015
2018-06-18,200259.41000000015
2018-06-19,198931.88000000012
2018-06-20,198908.88000000012
2018-06-21,198908.88000000012
2018-06-22,199975.6000000001
2018-06-23,199975.6000000001
2018-06-24,199975.6000000001
2018-06-25,199975.6000000001
2018-06-26,196710.3100000001
2018-06-27,197476.3100000001
2018-06-28,197462.3100000001
2018-06-29,197562.3100000001
2018-06-30,194962.3100000001
2018-07-01,194962.3100000001
2018-07-02,194962.3100000001
2018-07-03,192212.4800000001
2018-07-04,193590.4200000001
2018-07-05,192750.8000000001
2018-07-06,192670.8000000001
2018-07-07,192068.8100000001
2018-07-08,192068.8100000001
2018-07-09,192068.8100000001
2018-07-10,190568.8100000001
2018-07-11,190475.01000000013
2018-07-12,190500.3100000001
2018-07-13,190499.7900000001
2018-07-14,190142.0600000001
2018-07-15,190142.0600000001
2018-07-16,190142.0600000001
2018-07-17,189494.5300000001
2018-07-18,190181.83000000007
2018-07-19,190181.83000000007
2018-07-20,190181.83000000007
2018-07-21,190154.5400000001
2018-07-22,190154.5400000001
2018-07-23,190154.5400000001
2018-07-24,189787.00000000012
2018-07-25,194893.09000000014
2018-07-26,194830.39000000013
2018-07-27,194789.13000000012
2018-07-28,191717.34000000014
2018-07-29,191717.34000000014
2018-07-30,191717.34000000014
2018-07-31,191363.69000000012
2018-08-01,189045.8600000001
2018-08-02,189376.4700000001
2018-08-03,189327.1700000001
2018-08-04,189991.7200000001
2018-08-05,189991.7200000001
2018-08-06,189991.7200000001
2018-08-07,189515.1800000001
2018-08-08,189507.19000000012
2018-08-09,189507.19000000012
2018-08-10,189507.19000000012
2018-08-11,189384.9800000001
2018-08-12,189384.9800000001
2018-08-13,189384.9800000001
2018-08-14,188942.14000000007
2018-08-15,188879.94000000006
2018-08-16,188879.94000000006
2018-08-17,188547.54000000004
2018-08-18,188547.54000000004
2018-08-19,188547.54000000004
2018-08-20,188547.54000000004
2018-08-21,188346.50000000006
2018-08-22,188346.50000000006
2018-08-23,187824.88000000006
2018-08-24,195665.55000000005
2018-08-25,188655.56000000006
2018-08-26,188655.56000000006
2018-08-27,188655.56000000006
2018-08-28,189302.16000000003
2018-08-29,193265.96000000002
2018-08-30,193247.56
2018-08-31,190263.41999999998
2018-09-01,189376.61
2018-09-02,189376.61
2018-09-03,189376.61
2018-09-04,190745.32999999996
2018-09-05,190454.92999999993
2018-09-06,189374.92999999993
2018-09-07,189372.93999999994
2018-09-08,189280.71999999997
2018-09-09,189280.71999999997
2018-09-10,189280.71999999997
2018-09-11,189000.03999999998
2018-09-12,188988.96999999997
2018-09-13,188986.86
2018-09-14,188455.32999999996
2018-09-15,188452.92999999993
2018-09-16,188452.92999999993
2018-09-17,188452.92999999993
2018-09-18,188985.42999999993
2018-09-19,188915.5299999999
2018-09-20,187877.48999999993
2018-09-21,187876.63999999996
2018-09-22,187559.30999999994
2018-09-23,187559.30999999994
2018-09-24,187559.30999999994
2018-09-25,192028.59999999992
2018-09-26,192205.4599999999
2018-09-27,192124.55999999988
2018-09-28,189924.6999999999
2018-09-29,189311.5199999999
2018-09-30,189311.5199999999
2018-10-01,189311.5199999999
2018-10-02,186981.3899999999
2018-10-03,195981.3899999999
2018-10-04,195853.28999999992
2018-10-05,195364.68999999994
2018-10-06,194645.68999999994
2018-10-07,194645.68999999994
2018-10-08,194645.68999999994
2018-10-09,194594.28999999992
2018-10-10,192416.37999999995
2018-10-11,191203.73999999993
2018-10-12,190991.01999999996
2018-10-13,190991.01999999996
2018-10-14,190991.01999999996
2018-10-15,190991.01999999996
2018-10-16,190484.96999999997
2018-10-17,190365.32999999996
2018-10-18,189576.09999999998
2018-10-19,190431.28999999998
2018-10-20,190203.13999999996
2018-10-21,190203.13999999996
2018-10-22,190203.13999999996
2018-10-23,188871.27999999997
2018-10-24,193873.93999999994
2018-10-25,193971.98999999993
2018-10-26,190971.98999999993
2018-10-27,189931.05999999994
2018-10-28,189931.05999999994
2018-10-29,189931.05999999994
2018-10-30,189848.68999999994
2018-10-31,189196.73999999993
2018-11-01,190462.06999999995
2018-11-02,190462.06999999995
2018-11-03,188677.41999999993
2018-11-04,188677.41999999993
2018-11-05,188677.41999999993
2018-11-06,190000.86999999994
2018-11-07,191937.64999999997
2018-11-08,191101.68
2018-11-09,190424.27999999997
2018-11-10,190424.27999999997
2018-11-11,190424.27999999997
2018-11-12,190424.27999999997
2018-11-13,191445.56
2018-11-14,189655.68
2018-11-15,189868.39999999997
2018-11-16,187885.86
2018-11-17,188311.32999999996
2018-11-18,188311.32999999996
2018-11-19,188311.32999999996
2018-11-20,188293.82999999996
2018-11-21,188293.82999999996
2018-11-22,188293.82999999996
2018-11-23,193148.91999999998
2018-11-24,191695.91999999998
2018-11-25,191695.91999999998
2018-11-26,191695.91999999998
2018-11-27,192005.45999999996
2018-11-28,192155.45999999996
2018-11-29,192094.24999999994
2018-11-30,192092.84999999992
2018-12-01,189831.2699999999
2018-12-02,189831.2699999999
2018-12-03,189831.2699999999
2018-12-04,189389.6399999999
2018-12-05,188799.4499999999
2018-12-06,188585.1499999999
2018-12-07,188585.1499999999
2018-12-08,188342.5799999999
2018-12-09,188342.5799999999
2018-12-10,188342.5799999999
2018-12-11,187719.6399999999
2018-12-12,187748.2199999999
2018-12-13,187748.2199999999
2018-12-14,187875.42999999993
2018-12-15,187452.20999999996
2018-12-16,187452.20999999996
2018-12-17,187452.20999999996
2018-12-18,186893.33999999997
2018-12-19,191821.21999999997
2018-12-20,191796.21999999997
2018-12-21,191796.21999999997
2018-12-22,190719.13999999996
2018-12-23,190719.13999999996
2018-12-24,190719.13999999996
2018-12-25,190076.98999999993
2018-12-26,190076.98999999993
2018-12-27,190066.99999999994
2018-12-28,186118.7199999999
2018-12-29,185932.60999999993
2018-12-30,185932.60999999993
2018-12-31,185932.60999999993
2019-01-01,177474.34999999992
2019-01-02,177474.34999999992
2019-01-03,176024.3299999999
2019-01-04,178390.2599999999
2019-01-05,177790.05999999988
2019-01-06,177790.05999999988
2019-01-07,177790.05999999988
2019-01-08,177708.0699999999
2019-01-09,177702.0699999999
2019-01-10,177702.0699999999
2019-01-11,177612.53999999986
2019-01-12,177314.80999999988
2019-01-13,177314.80999999988
2019-01-14,177314.80999999988
2019-01-15,176954.04999999987
2019-01-16,176743.16999999987
2019-01-17,176603.41999999987
2019-01-18,176229.7599999999
2019-01-19,176109.7599999999
2019-01-20,176109.7599999999
2019-01-21,176109.7599999999
2019-01-22,178555.5199999999
2019-01-23,178302.59999999992
2019-01-24,178302.59999999992
2019-01-25,183107.16999999993
2019-01-26,183257.16999999993
2019-01-27,183257.16999999993
2019-01-28,183257.16999999993
2019-01-29,183255.59999999992
2019-01-30,180255.59999999992
2019-01-31,180255.59999999992
2019-02-01,179120.93999999994
2019-02-02,178681.49999999994
2019-02-03,178681.49999999994
2019-02-04,178681.49999999994
2019-02-05,177241.15999999992
2019-02-06,176758.7599999999
2019-02-07,176705.8199999999
2019-02-08,176705.8199999999
2019-02-09,177291.4499999999
2019-02-10,177291.4499999999
2019-02-11,177291.4499999999
2019-02-12,177254.90999999992
2019-02-13,177234.90999999992
2019-02-14,177234.90999999992
2019-02-15,177234.90999999992
2019-02-16,176930.6399999999
2019-02-17,176930.6399999999
2019-02-18,176930.6399999999
2019-02-19,176067.10999999987
2019-02-20,176067.10999999987
2019-02-21,176028.4399999999
2019-02-22,175664.4399999999
2019-02-23,180503.1399999999
2019-02-24,180503.1399999999
2019-02-25,180503.1399999999
2019-02-26,179463.1399999999
2019-02-27,179023.1399999999
2019-02-28,179023.1399999999
2019-03-01,175809.55999999988
2019-03-02,172306.77999999985
2019-03-03,172306.77999999985
2019-03-04,172306.77999999985
2019-03-05,173379.13999999984
2019-03-06,173274.13999999984
2019-03-07,173050.52999999985
2019-03-08,172648.12999999983
2019-03-09,168942.12999999983
2019-03-10,168942.12999999983
2019-03-11,168942.12999999983
2019-03-12,168827.27999999985
2019-03-13,169189.35999999987
2019-03-14,168832.52999999985
2019-03-15,168827.72999999986
2019-03-16,167880.61999999988
2019-03-17,167880.61999999988
2019-03-18,167880.61999999988
2019-03-19,166139.08999999985
2019-03-20,165929.49999999983
2019-03-21,165917.49999999983
2019-03-22,167177.63999999984
2019-03-23,172101.45999999985
2019-03-24,172101.45999999985
2019-03-25,172101.45999999985
2019-03-26,171530.45999999985
2019-03-27,170780.45999999985
2019-03-28,170930.45999999985
2019-03-29,170930.45999999985
2019-03-30,169987.63999999984
2019-03-31,169987.63999999984
2019-04-01,169987.63999999984
2019-04-02,167820.95999999985
2019-04-03,167441.61999999982
2019-04-04,164790.76999999984
2019-04-05,163265.46999999986
2019-04-06,163144.43999999983
2019-04-07,163144.43999999983
2019-04-08,163144.43999999983
2019-04-09,162306.13999999984
2019-04-10,161586.13999999984
2019-04-11,161546.13999999984
2019-04-12,161579.31999999983
2019-04-13,160231.81999999983
2019-04-14,160231.81999999983
2019-04-15,160231.81999999983
2019-04-16,159665.39999999985
2019-04-17,157282.37999999983
2019-04-18,157282.37999999983
2019-04-19,156797.48999999982
2019-04-20,156797.48999999982
2019-04-21,156797.48999999982
2019-04-22,156797.48999999982
2019-04-23,156797.48999999982
2019-04-24,156612.94999999984
2019-04-25,158230.27999999985
2019-04-26,158030.27999999985
2019-04-27,155030.27999999985
2019-04-28,155030.27999999985
2019-04-29,155030.27999999985
2019-04-30,152180.27999999985
2019-05-01,148955.60999999987
2019-05-02,148955.60999999987
2019-05-03,148835.86999999988
2019-05-04,148034.3999999999
2019-05-05,148034.3999999999
2019-05-06,148034.3999999999
2019-05-07,147144.5099999999
2019-05-08,146743.1899999999
2019-05-09,146743.1899999999
2019-05-10,145037.1899999999
2019-05-11,143537.1899999999
2019-05-12,143537.1899999999
2019-05-13,143537.1899999999
2019-05-14,143159.0699999999
2019-05-15,143765.3199999999
2019-05-16,143765.3199999999
2019-05-17,142255.78999999986
2019-05-18,145012.86999999988
2019-05-19,145012.86999999988
2019-05-20,145012.86999999988
2019-05-21,147036.27999999985
2019-05-22,146576.47999999986
2019-05-23,146326.47999999986
2019-05-24,152554.53999999986
2019-05-25,152554.53999999986
2019-05-26,152554.53999999986
2019-05-27,152554.53999999986
2019-05-28,152554.53999999986
2019-05-29,147359.53999999986
2019-05-30,147159.53999999986
2019-05-31,142159.53999999986
2019-06-01,139921.05999999988
2019-06-02,139921.05999999988
2019-06-03,139921.05999999988
2019-06-04,131266.6999999999
2019-06-05,130643.79999999987
2019-06-06,130500.99999999988
2019-06-07,130348.49999999988
2019-06-08,130624.49999999988
2019-06-09,130624.49999999988
2019-06-10,130624.49999999988
2019-06-11,130518.49999999988
2019-06-12,130537.8999999999
2019-06-13,133357.35999999993
2019-06-14,133000.5299999999
2019-06-15,132132.5299999999
2019-06-16,132132.5299999999
2019-06-17,132132.5299999999
2019-06-18,133006.74999999988
2019-06-19,132774.8899999999
2019-06-20,133647.8899999999
2019-06-21,133647.8899999999
2019-06-22,133490.7699999999
2019-06-23,133490.7699999999
2019-06-24,133490.7699999999
2019-06-25,141822.1999999999
2019-06-26,138533.1999999999
2019-06-27,138311.60999999987
2019-06-28,138311.60999999987
2019-06-29,137214.32999999984
2019-06-30,137214.32999999984
2019-07-01,137214.32999999984
2019-07-02,132177.64999999985
2019-07-03,130002.64999999985
2019-07-04,130002.64999999985
2019-07-05,129909.24999999983
2019-07-06,129743.08999999985
2019-07-07,129743.08999999985
2019-07-08,129743.08999999985
2019-07-09,128690.33999999985
2019-07-10,128690.33999999985
2019-07-11,128690.33999999985
2019-07-12,128704.58999999985
2019-07-13,128974.58999999985
2019-07-14,128974.58999999985
2019-07-15,128974.58999999985
2019-07-16,128617.75999999983
2019-07-17,127976.2299999998
2019-07-18,128126.2299999998
2019-07-19,128029.19999999978
2019-07-20,127852.0999999998
2019-07-21,127852.0999999998
2019-07-22,127852.0999999998
2019-07-23,126762.0899999998
2019-07-24,126762.0899999998
2019-07-25,131551.2199999998
2019-07-26,128538.44999999978
2019-07-27,128838.44999999978
2019-07-28,128838.44999999978
2019-07-29,128838.44999999978
2019-07-30,126838.44999999978
2019-07-31,123808.9699999998
2019-08-01,122980.05999999982
2019-08-02,117578.61999999982
2019-08-03,117294.0299999998
2019-08-04,117294.0299999998
2019-08-05,117294.0299999998
2019-08-06,116989.73999999982
2019-08-07,116689.35999999981
2019-08-08,115230.26999999979
2019-08-09,114230.26999999979
2019-08-10,115731.76999999979
2019-08-11,115731.76999999979
2019-08-12,115731.76999999979
2019-08-13,115755.2899999998
2019-08-14,116398.45999999979
2019-08-15,116944.16999999981
2019-08-16,116944.16999999981
2019-08-17,114627.30999999982
2019-08-18,114627.30999999982
2019-08-19,114627.30999999982
2019-08-20,114627.30999999982
2019-08-21,114627.30999999982
2019-08-22,115855.13999999984
2019-08-23,120579.75999999983
2019-08-24,120579.75999999983
2019-08-25,120579.75999999983
2019-08-26,120579.75999999983
2019-08-27,120913.57999999984
2019-08-28,117913.57999999984
2019-08-29,116413.57999999984
2019-08-30,116363.57999999984
2019-08-31,114203.25999999983
2019-09-01,114203.25999999983
2019-09-02,114203.25999999983
2019-09-03,114203.25999999983
2019-09-04,114203.25999999983
2019-09-05,114203.25999999983
2019-09-06,114203.25999999983
2019-09-07,114203.25999999983
2019-09-08,114203.25999999983
2019-09-09,114203.25999999983
2019-09-10,114262.25999999983
2019-09-11,114262.25999999983
2019-09-12,114262.25999999983
2019-09-13,114262.25999999983
2019-09-14,114262.25999999983
2019-09-15,114262.25999999983
2019-09-16,114262.25999999983
2019-09-17,114262.25999999983
2019-09-18,114262.25999999983
2019-09-19,114262.25999999983
2019-09-20,114262.25999999983
2019-09-21,114262.25999999983
2019-09-22,114262.25999999983
2019-09-23,114262.25999999983
2019-09-24,114262.25999999983
2019-09-25,114262.25999999983
2019-09-26,114262.25999999983
2019-09-27,114262.25999999983
2019-09-28,114262.25999999983
2019-09-29,114262.25999999983
2019-09-30,114262.25999999983
2019-10-01,114262.25999999983
2019-10-02,114262.25999999983
2019-10-03,114262.25999999983
2019-10-04,114262.25999999983
2019-10-05,114262.25999999983
2019-10-06,114262.25999999983
2019-10-07,114262.25999999983
2019-10-08,114262.25999999983
2019-10-09,114262.25999999983
2019-10-10,114262.25999999983
2019-10-11,113484.63999999984
2019-10-12,113484.63999999984
2019-10-13,113484.63999999984
2019-10-14,113101.30999999982
2019-10-15,113009.89999999985
2019-10-16,113009.89999999985
2019-10-17,112216.11999999982
2019-10-18,112034.56999999983
2019-10-19,112184.56999999983
2019-10-20,112184.56999999983
2019-10-21,112184.56999999983
2019-10-22,112101.05999999982
2019-10-23,111731.05999999982
2019-10-24,112274.25999999983
2019-10-25,111974.25999999983
2019-10-26,117053.03999999986
2019-10-27,117053.03999999986
2019-10-28,117053.03999999986
2019-10-29,116929.96999999986
2019-10-30,116929.96999999986
2019-10-31,116929.96999999986
2019-11-01,112058.85999999987
2019-11-02,112342.84999999986
2019-11-03,112342.84999999986
2019-11-04,112342.84999999986
2019-11-05,108328.50999999983
2019-11-06,107904.50999999983
2019-11-07,107596.95999999985
2019-11-08,109766.52999999985
2019-11-09,109766.52999999985
2019-11-10,109766.52999999985
2019-11-11,109795.13999999984
2019-11-12,109795.13999999984
2019-11-13,112252.67999999982
2019-11-14,112252.67999999982
2019-11-15,114529.62999999983
2019-11-16,114520.10999999981
2019-11-17,113878.57999999978
2019-11-18,113878.57999999978
2019-11-19,113878.57999999978
2019-11-20,113878.57999999978
2019-11-21,113870.57999999978
2019-11-22,113870.57999999978
2019-11-23,114020.57999999978
2019-11-24,114020.57999999978
2019-11-25,114020.57999999978
2019-11-26,118312.7299999998
2019-11-27,118312.7299999998
2019-11-28,118302.7299999998
2019-11-29,118302.7299999998
2019-11-30,116535.54999999981
2019-12-01,115715.63999999984
2019-12-02,115715.63999999984
2019-12-03,112059.65999999986
2019-12-04,111940.65999999986
2019-12-05,108468.65999999986
2019-12-06,107900.90999999986
2019-12-07,107900.90999999986
2019-12-08,107900.90999999986
2019-12-09,107900.90999999986
2019-12-10,107900.90999999986
2019-12-11,105390.45999999985
2019-12-12,105390.45999999985
2019-12-13,105315.45999999985
2019-12-14,105093.62999999983
2019-12-15,105093.62999999983
2019-12-16,105093.62999999983
2019-12-17,105093.62999999983
2019-12-18,104667.30999999982
2019-12-19,104667.30999999982
2019-12-20,104667.30999999982
2019-12-21,104667.30999999982
2019-12-22,104467.30999999982
2019-12-23,104467.30999999982
2019-12-24,104467.30999999982
2019-12-25,104053.55999999982
2019-12-26,104053.55999999982
2019-12-27,104182.55999999982
2019-12-28,101806.91999999981
2019-12-29,101806.91999999981
2019-12-30,101806.91999999981
2019-12-31,91783.00999999983
2020-01-01,89797.46999999986
2020-01-02,89797.46999999986
2020-01-03,85919.06999999983
2020-01-04,87432.56999999983
2020-01-05,87432.56999999983
2020-01-06,87432.56999999983
2020-01-07,87432.56999999983
2020-01-08,86301.15999999986
2020-01-09,86301.15999999986
2020-01-10,86271.15999999986
2020-01-11,86246.15999999986
2020-01-12,86246.15999999986
2020-01-13,86246.15999999986
2020-01-14,86102.06999999983
2020-01-15,86102.06999999983
2020-01-16,85845.2299999998
2020-01-17,85845.2299999998
2020-01-18,75845.2299999998
2020-01-19,75845.2299999998
2020-01-20,75845.2299999998
2020-01-21,75533.69999999978
2020-01-22,75033.69999999978
2020-01-23,75294.9099999998
2020-01-24,77947.36999999982
2020-01-25,77947.36999999982
2020-01-26,77947.36999999982
2020-01-27,77947.36999999982
2020-01-28,77682.36999999982
2020-01-29,77682.36999999982
2020-01-30,77882.36999999982
2020-01-31,78032.36999999982
2020-02-01,71022.0999999998
2020-02-02,71022.0999999998
2020-02-03,71022.0999999998
2020-02-04,72060.4799999998
2020-02-05,71588.4799999998
2020-02-06,71469.4799999998
2020-02-07,71469.4799999998
2020-02-08,70729.06999999983
2020-02-09,70729.06999999983
2020-02-10,70729.06999999983
2020-02-11,70344.42999999982
2020-02-12,70344.42999999982
2020-02-13,69425.10999999981
2020-02-14,69425.10999999981
2020-02-15,69786.89999999979
2020-02-16,69786.89999999979
2020-02-17,69786.89999999979
2020-02-18,69786.89999999979
2020-02-19,69786.89999999979
2020-02-20,69786.89999999979
2020-02-21,69786.89999999979
2020-02-22,69786.89999999979
2020-02-23,69786.89999999979
2020-02-24,69786.89999999979
2020-02-25,71262.00999999978
2020-02-26,71262.00999999978
2020-02-27,71258.35999999975
2020-02-28,71258.35999999975
2020-03-01,70615.58999999973
2020-03-02,70615.58999999973
2020-03-03,64903.839999999735
2020-03-04,64683.839999999735
2020-03-05,64092.839999999735
2020-03-06,60720.42999999976
2020-03-07,61618.42999999976
2020-03-08,61618.42999999976
2020-03-09,61618.42999999976
2020-03-10,55900.16999999975
2020-03-11,54730.16999999975
2020-03-12,54730.16999999975
2020-03-13,50004.089999999735
2020-03-14,45795.25999999972
2020-03-15,45795.25999999972
2020-03-16,45795.25999999972
2020-03-17,37079.039999999746
2020-03-18,36509.88999999972
2020-03-19,36509.88999999972
2020-03-20,36253.0499999997
2020-03-21,36253.0499999997
2020-03-22,36253.0499999997
2020-03-23,36253.0499999997
2020-03-24,36265.319999999716
2020-03-25,41969.62999999971
2020-03-26,41969.62999999971
2020-03-27,41969.62999999971
2020-03-28,41969.62999999971
2020-03-29,41969.62999999971
2020-03-30,41969.62999999971
2020-03-31,41969.62999999971
2020-04-01,39094.16999999969
2020-04-02,35074.95999999967
2020-04-03,35074.95999999967
2020-04-04,34880.95999999967
2020-04-05,34880.95999999967
2020-04-06,34880.95999999967
2020-04-07,34450.5499999997
2020-04-08,34193.91999999969
2020-04-09,34193.91999999969
2020-04-10,34193.91999999969
2020-04-11,34193.91999999969
2020-04-12,34193.91999999969
2020-04-13,34193.91999999969
2020-04-14,33531.43999999971
2020-04-15,33531.43999999971
2020-04-16,33531.43999999971
2020-04-17,32889.90999999968
2020-04-18,31345.319999999658
2020-04-19,31345.319999999658
2020-04-20,31345.319999999658
2020-04-21,31345.319999999658
2020-04-22,31583.729999999632
2020-04-23,31583.729999999632
2020-04-24,37289.83999999962
2020-04-25,37439.83999999962
2020-04-26,37439.83999999962
2020-04-27,37439.83999999962
2020-04-28,37083.2599999996
2020-04-29,33954.83999999962
2020-04-30,33854.83999999962
2020-05-01,31679.77999999962
2020-05-02,31679.77999999962
2020-05-03,31679.77999999962
2020-05-04,31679.77999999962
2020-05-05,28867.839999999618
2020-05-06,28043.80999999959
2020-05-07,27644.399999999616
2020-05-08,27644.399999999616
2020-05-09,27644.399999999616
2020-05-10,27644.399999999616
2020-05-11,27644.399999999616
2020-05-12,27796.899999999616
2020-05-13,27796.899999999616
2020-05-14,27886.499999999593
2020-05-15,27886.499999999593
2020-05-16,27080.219999999565
2020-05-17,27080.219999999565
2020-05-18,27080.219999999565
2020-05-19,25988.689999999537
2020-05-20,26341.699999999546
2020-05-21,25764.999999999534
2020-05-22,25764.999999999534
2020-05-23,32419.10999999952
2020-05-24,32419.10999999952
2020-05-25,32419.10999999952
2020-05-26,32213.489999999525
2020-05-27,28649.189999999537
2020-05-28,28799.189999999537
2020-05-29,28799.189999999537
2020-05-30,27754.81999999954
2020-05-31,27754.81999999954
2020-06-01,27754.81999999954
2020-06-02,26262.929999999527
2020-06-03,24980.959999999555
2020-06-04,25119.189999999537
2020-06-05,24681.279999999562
2020-06-06,24409.249999999534
2020-06-07,24409.249999999534
2020-06-08,24409.249999999534
2020-06-09,24166.299999999523
2020-06-10,24112.299999999523
2020-06-11,21112.299999999523
2020-06-12,22191.88999999955
2020-06-13,22191.88999999955
2020-06-14,22191.88999999955
2020-06-15,22191.88999999955
2020-06-16,22207.07999999955
2020-06-17,21546.249999999534
2020-06-18,21171.949999999546
2020-06-19,21171.949999999546
2020-06-20,20775.149999999558
2020-06-21,20775.149999999558
2020-06-22,20775.149999999558
2020-06-23,20632.909999999567
2020-06-24,19782.13999999955
2020-06-25,19782.13999999955
2020-06-26,19602.13999999955
2020-06-27,19747.199999999546
2020-06-28,19747.199999999546
2020-06-29,19747.199999999546
2020-06-30,12723.509999999544
2020-07-01,10357.11999999953
2020-07-02,9293.299999999523
2020-07-03,9218.299999999523
2020-07-04,9047.479999999516
2020-07-05,9047.479999999516
2020-07-06,9047.479999999516
2020-07-07,8669.569999999541
2020-07-08,7801.069999999541
2020-07-09,7743.279999999562
2020-07-10,4737.079999999551
2020-07-11,4573.329999999551
2020-07-12,4573.329999999551
2020-07-13,4573.329999999551
2020-07-14,4370.199999999546
2020-07-15,3183.9999999995343
2020-07-16,2888.6799999995274
2020-07-17,1538.019999999553
2020-07-18,1418.6399999995483
2020-07-19,1418.6399999995483
2020-07-20,1418.6399999995483
2020-07-21,1124.0699999995413
2020-07-22,1124.0699999995413
2020-07-23,924.0699999995413
2020-07-24,7693.669999999518
2020-07-25,7833.669999999518
2020-07-26,7833.669999999518
2020-07-27,7833.669999999518
2020-07-28,9046.169999999518
2020-07-29,5846.169999999518
2020-07-30,5806.169999999518
2020-07-31,5818.669999999518
2020-08-01,4323.85999999952
2020-08-02,4323.85999999952
2020-08-03,4323.85999999952
2020-08-04,4864.389999999548
2020-08-05,4573.389999999548
2020-08-06,4149.559999999532
2020-08-07,4123.709999999555
2020-08-08,4053.7099999995553
2020-08-09,4053.7099999995553
2020-08-10,4053.7099999995553
2020-08-11,3741.269999999553
2020-08-12,3741.269999999553
2020-08-13,3741.269999999553
2020-08-14,3541.269999999553
2020-08-15,3541.269999999553
2020-08-16,3541.269999999553
2020-08-17,3541.269999999553
2020-08-18,2050.659999999567
2020-08-19,2050.659999999567
2020-08-20,2050.659999999567
2020-08-21,2096.659999999567
2020-08-22,2096.659999999567
2020-08-23,2096.659999999567
2020-08-24,2096.659999999567
2020-08-25,7794.799999999581
2020-08-26,8791.3199999996
2020-08-27,5781.3199999995995
2020-08-28,5781.3199999995995
2020-08-29,5781.3199999995995
2020-08-30,5781.3199999995995
2020-08-31,5781.3199999995995
2020-09-01,3276.5299999996205
2020-09-02,2751.7499999995925
2020-09-03,2646.7499999995925
2020-09-04,2448.1699999995762
2020-09-05,2455.869999999588
2020-09-06,2455.869999999588
2020-09-07,2455.869999999588
2020-09-08,2525.869999999588
2020-09-09,2519.869999999588
2020-09-10,1389.869999999588
2020-09-11,1389.869999999588
2020-09-12,2495.879999999597
2020-09-13,2495.879999999597
2020-09-14,2495.879999999597
2020-09-15,3725.0699999995995
2020-09-16,3101.1799999995856
2020-09-17,2459.6499999995576
2020-09-18,2181.6899999995367
2020-09-19,2494.0099999995437
2020-09-20,2494.0099999995437
2020-09-21,2494.0099999995437
2020-09-22,2294.0099999995437
2020-09-23,2189.129999999539
2020-09-24,1814.269999999553
2020-09-25,7233.269999999553
2020-09-26,7111.269999999553
2020-09-27,7111.269999999553
2020-09-28,7111.269999999553
2020-09-29,7322.229999999574
2020-09-30,4322.229999999574
2020-10-01,2981.8899999995483
2020-10-02,1512.5999999995693
2020-10-03,1437.5999999995693
2020-10-04,1437.5999999995693
2020-10-05,1437.5999999995693
2020-10-06,785.7999999995809
2020-10-07,459.7999999995809
2020-10-08,459.7999999995809
2020-10-09,461.7999999995809
2020-10-10,1090.799999999581
2020-10-11,1090.799999999581
2020-10-12,1090.799999999581
2020-10-13,1090.799999999581
2020-10-14,1263.1799999995856
2020-10-15,1115.6799999995856
2020-10-16,940.58999999956
2020-10-17,964.059999999532
2020-10-18,964.059999999532
2020-10-19,964.059999999532
2020-10-20,1083.379999999539
2020-10-21,1097.809999999532
2020-10-22,747.809999999532
2020-10-23,6372.389999999548
2020-10-24,3903.3899999995483
2020-10-25,3903.3899999995483
2020-10-26,3903.3899999995483
2020-10-27,3368.7899999995716
2020-10-28,3406.4899999995832
2020-10-29,3424.189999999595
2020-10-30,3459.189999999595
2020-10-31,3344.089999999618
2020-11-01,3344.089999999618
2020-11-02,3344.089999999618
2020-11-03,1106.8299999996088
2020-11-04,992.8799999995972
2020-11-05,614.8799999995972
2020-11-06,289.81999999959953
2020-11-07,326.7999999995809
2020-11-08,326.7999999995809
2020-11-09,326.7999999995809
2020-11-10,401.7999999995809
2020-11-11,3529.479999999574
2020-11-12,3299.479999999574
2020-11-13,3477.479999999574
2020-11-14,3768.2499999995925
2020-11-15,3768.2499999995925
2020-11-16,3768.2499999995925
2020-11-17,4304.489999999583
2020-11-18,3751.379999999597
2020-11-19,3728.939999999595
2020-11-20,3829.939999999595
2020-11-21,4740.159999999567
2020-11-22,4740.159999999567
2020-11-23,4740.159999999567
2020-11-24,4154.789999999572
2020-11-25,8396.509999999544
2020-11-26,7844.069999999541
2020-11-27,5585.769999999553
2020-11-28,5603.769999999553
2020-11-29,5603.769999999553
2020-11-30,5603.769999999553
2020-12-01,3121.409999999567
2020-12-02,2129.629999999539
2020-12-03,2028.5399999995134
2020-12-04,1490.6799999995274
2020-12-05,701.879999999539
2020-12-06,701.879999999539
2020-12-07,701.879999999539
2020-12-08,1513.599999999511
2020-12-09,1513.599999999511
2020-12-10,1834.3999999994994
2020-12-11,1834.3999999994994
2020-12-12,1844.3999999994994
2020-12-13,1844.3999999994994
2020-12-14,1844.3999999994994
2020-12-15,1623.3999999994994
2020-12-16,1623.3999999994994
2020-12-17,981.8699999994715
2020-12-18,374.6499999994994
2020-12-19,1349.6499999994994
2020-12-20,1349.6499999994994
2020-12-21,1349.6499999994994
2020-12-22,9519.479999999516
2020-12-23,9372.599999999511
2020-12-24,9464.599999999511
2020-12-25,9365.079999999492
2020-12-26,9365.079999999492
2020-12-27,9365.079999999492
2020-12-28,9365.079999999492
2020-12-29,9065.079999999492
2020-12-30,9010.999999999476
2020-12-31,8958.239999999467
