FECHA,SALDO
2016-09-01,4152.71
2016-09-02,4087.4900000000002
2016-09-03,4087.4900000000002
2016-09-04,4087.4900000000002
2016-09-05,4087.4900000000002
2016-09-06,4864.96
2016-09-07,4297.88
2016-09-08,4277.88
2016-09-09,4277.88
2016-09-10,4277.88
2016-09-11,4277.88
2016-09-12,4277.88
2016-09-13,4277.88
2016-09-14,4277.88
2016-09-15,4276.84
2016-09-16,4276.84
2016-09-17,4276.84
2016-09-18,4276.84
2016-09-19,4276.84
2016-09-20,4276.84
2016-09-21,4276.84
2016-09-22,3676.8399999999997
2016-09-23,3676.8399999999997
2016-09-24,3676.8399999999997
2016-09-25,3676.8399999999997
2016-09-26,3676.8399999999997
2016-09-27,3609.89
2016-09-28,3570.89
2016-09-29,3570.89
2016-09-30,3570.89
2016-10-01,3433.09
2016-10-02,3433.09
2016-10-03,3433.09
2016-10-04,3395.87
2016-10-05,4491.24
2016-10-06,4491.24
2016-10-07,4442.66
2016-10-08,4435.66
2016-10-09,4435.66
2016-10-10,4435.66
2016-10-11,4297.63
2016-10-12,4288.89
2016-10-13,4288.89
2016-10-14,4144.84
2016-10-15,4139.67
2016-10-16,4139.67
2016-10-17,4139.67
2016-10-18,4089.67
2016-10-19,4050.67
2016-10-20,4050.67
2016-10-21,4050.67
2016-10-22,5633.03
2016-10-23,5633.03
2016-10-24,5633.03
2016-10-25,5543.75
2016-10-26,5249.55
2016-10-27,5249.55
2016-10-28,5126.07
2016-10-29,5126.07
2016-10-30,5126.07
2016-10-31,5126.07
2016-11-01,4927.77
2016-11-02,4927.77
2016-11-03,5931.14
2016-11-04,5597.93
2016-11-05,5580.64
2016-11-06,5580.64
2016-11-07,5580.64
2016-11-08,5503.81
2016-11-09,5503.81
2016-11-10,5483.81
2016-11-11,5483.610000000001
2016-11-12,5443.610000000001
2016-11-13,5443.610000000001
2016-11-14,5443.610000000001
2016-11-15,5226.46
2016-11-16,5204.610000000001
2016-11-17,5171.54
2016-11-18,5146.67
2016-11-19,5146.67
2016-11-20,5146.67
2016-11-21,5146.67
2016-11-22,4442.860000000001
2016-11-23,4401.110000000001
2016-11-24,4377.52
2016-11-25,4377.52
2016-11-26,4269.150000000001
2016-11-27,4269.150000000001
2016-11-28,4269.150000000001
2016-11-29,4269.150000000001
2016-11-30,4269.150000000001
2016-12-01,4269.150000000001
2016-12-02,4220.42
2016-12-03,4220.42
2016-12-04,4220.42
2016-12-05,4220.42
2016-12-06,4220.42
2016-12-07,4220.42
2016-12-08,4982.91
2016-12-09,4982.91
2016-12-10,4942.76
2016-12-11,4942.76
2016-12-12,4942.76
2016-12-13,4837.01
2016-12-14,4827.320000000001
2016-12-15,4819.62
2016-12-16,4796.34
2016-12-17,4793.700000000001
2016-12-18,4793.700000000001
2016-12-19,4793.700000000001
2016-12-20,4552.04
2016-12-21,4467.41
2016-12-22,5251.900000000001
2016-12-23,5251.0
2016-12-24,5205.130000000001
2016-12-25,5205.130000000001
2016-12-26,5205.130000000001
2016-12-27,5147.85
2016-12-28,5147.85
2016-12-29,6733.710000000001
2016-12-30,6733.710000000001
2016-12-31,6733.710000000001
2017-01-01,6733.710000000001
2017-01-02,6733.710000000001
2017-01-03,5419.0700000000015
2017-01-04,5315.600000000001
2017-01-05,5227.410000000001
2017-01-06,5200.050000000001
2017-01-07,5200.050000000001
2017-01-08,5200.050000000001
2017-01-09,5200.050000000001
2017-01-10,5191.770000000001
2017-01-11,5179.510000000001
2017-01-12,5179.510000000001
2017-01-13,5162.210000000001
2017-01-14,4833.530000000002
2017-01-15,4833.530000000002
2017-01-16,4833.530000000002
2017-01-17,4768.680000000001
2017-01-18,4765.680000000001
2017-01-19,4654.290000000001
2017-01-20,4584.290000000001
2017-01-21,4575.330000000001
2017-01-22,4575.330000000001
2017-01-23,4575.330000000001
2017-01-24,4464.4000000000015
2017-01-25,4444.620000000001
2017-01-26,4363.3200000000015
2017-01-27,4363.3200000000015
2017-01-28,4343.920000000001
2017-01-29,4343.920000000001
2017-01-30,4343.920000000001
2017-01-31,4256.0700000000015
2017-02-01,4256.0700000000015
2017-02-02,4223.850000000001
2017-02-03,5508.700000000002
2017-02-04,5508.700000000002
2017-02-05,5508.700000000002
2017-02-06,5508.700000000002
2017-02-07,5289.950000000002
2017-02-08,4689.950000000002
2017-02-09,4689.950000000002
2017-02-10,4689.950000000002
2017-02-11,4689.950000000002
2017-02-12,4689.950000000002
2017-02-13,4689.950000000002
2017-02-14,4618.140000000001
2017-02-15,4610.060000000001
2017-02-16,4603.9000000000015
2017-02-17,4603.9000000000015
2017-02-18,4564.830000000002
2017-02-19,4564.830000000002
2017-02-20,4564.830000000002
2017-02-21,4501.880000000001
2017-02-22,3850.1300000000015
2017-02-23,3850.1300000000015
2017-02-24,3842.7300000000014
2017-02-25,3666.6400000000012
2017-02-26,3666.6400000000012
2017-02-27,3666.6400000000012
2017-02-28,3537.4100000000017
2017-03-01,3536.8600000000015
2017-03-02,3362.0500000000015
2017-03-03,4814.9000000000015
2017-03-04,4774.9000000000015
2017-03-05,4774.9000000000015
2017-03-06,4774.9000000000015
2017-03-07,4637.170000000002
2017-03-08,4437.170000000002
2017-03-09,4307.9000000000015
2017-03-10,4237.9000000000015
2017-03-11,4237.9000000000015
2017-03-12,4237.9000000000015
2017-03-13,4237.9000000000015
2017-03-14,4237.9000000000015
2017-03-15,4193.870000000002
2017-03-16,4498.870000000002
2017-03-17,4498.870000000002
2017-03-18,4478.870000000002
2017-03-19,4478.870000000002
2017-03-20,4478.870000000002
2017-03-21,4299.170000000002
2017-03-22,4299.170000000002
2017-03-23,4284.270000000001
2017-03-24,4279.330000000002
2017-03-25,4272.430000000002
2017-03-26,4272.430000000002
2017-03-27,4272.430000000002
2017-03-28,4269.200000000002
2017-03-29,4269.200000000002
2017-03-30,4269.200000000002
2017-03-31,4268.700000000002
2017-04-01,4268.700000000002
2017-04-02,4268.700000000002
2017-04-03,4268.700000000002
2017-04-04,4438.700000000002
2017-04-05,4268.700000000002
2017-04-06,4255.060000000001
2017-04-07,4255.060000000001
2017-04-08,4255.060000000001
2017-04-09,4255.060000000001
2017-04-10,4255.060000000001
2017-04-11,4255.060000000001
2017-04-12,4255.060000000001
2017-04-13,4255.060000000001
2017-04-14,4255.060000000001
2017-04-15,4255.060000000001
2017-04-16,4255.060000000001
2017-04-17,4255.060000000001
2017-04-18,4250.230000000001
2017-04-19,4260.230000000001
2017-04-20,4260.230000000001
2017-04-21,4260.230000000001
2017-04-22,4197.810000000001
2017-04-23,4197.810000000001
2017-04-24,4197.810000000001
2017-04-25,4196.290000000002
2017-04-26,4157.290000000002
2017-04-27,4157.290000000002
2017-04-28,4157.290000000002
2017-04-29,4157.290000000002
2017-04-30,4157.290000000002
2017-05-01,4157.290000000002
2017-05-02,4157.290000000002
2017-05-03,5448.130000000001
2017-05-04,4977.170000000002
2017-05-05,4960.420000000002
2017-05-06,4871.3200000000015
2017-05-07,4871.3200000000015
2017-05-08,4871.3200000000015
2017-05-09,4701.420000000002
2017-05-10,4701.420000000002
2017-05-11,4631.420000000002
2017-05-12,4623.160000000002
2017-05-13,4562.380000000001
2017-05-14,4562.380000000001
2017-05-15,4562.380000000001
2017-05-16,4456.100000000001
2017-05-17,4456.100000000001
2017-05-18,4456.100000000001
2017-05-19,4376.100000000001
2017-05-20,4376.100000000001
2017-05-21,4376.100000000001
2017-05-22,4376.100000000001
2017-05-23,3690.5100000000016
2017-05-24,3690.5100000000016
2017-05-25,3679.0700000000015
2017-05-26,3679.0700000000015
2017-05-27,3640.0700000000015
2017-05-28,3640.0700000000015
2017-05-29,3640.0700000000015
2017-05-30,3640.0700000000015
2017-05-31,3640.0700000000015
2017-06-01,3640.0700000000015
2017-06-02,3271.5100000000016
2017-06-03,5056.370000000002
2017-06-04,5056.370000000002
2017-06-05,5056.370000000002
2017-06-06,4451.940000000001
2017-06-07,4359.130000000002
2017-06-08,4299.130000000002
2017-06-09,4288.340000000002
2017-06-10,4280.590000000002
2017-06-11,4280.590000000002
2017-06-12,4280.590000000002
2017-06-13,4259.440000000001
2017-06-14,6605.990000000002
2017-06-15,4922.390000000001
2017-06-16,4922.390000000001
2017-06-17,4922.390000000001
2017-06-18,4922.390000000001
2017-06-19,4922.390000000001
2017-06-20,4922.390000000001
2017-06-21,4843.590000000002
2017-06-22,4213.490000000002
2017-06-23,4213.490000000002
2017-06-24,4213.490000000002
2017-06-25,4213.490000000002
2017-06-26,4213.490000000002
2017-06-27,4213.490000000002
2017-06-28,4174.490000000002
2017-06-29,4174.490000000002
2017-06-30,4174.490000000002
2017-07-01,4174.490000000002
2017-07-02,4174.490000000002
2017-07-03,4174.490000000002
2017-07-04,4887.980000000001
2017-07-05,4871.080000000002
2017-07-06,4871.080000000002
2017-07-07,4633.160000000002
2017-07-08,4625.260000000001
2017-07-09,4625.260000000001
2017-07-10,4625.260000000001
2017-07-11,4622.270000000001
2017-07-12,4552.270000000001
2017-07-13,4515.620000000002
2017-07-14,4505.030000000002
2017-07-15,4491.990000000002
2017-07-16,4491.990000000002
2017-07-17,4491.990000000002
2017-07-18,4304.420000000002
2017-07-19,4284.420000000002
2017-07-20,4201.170000000002
2017-07-21,4201.170000000002
2017-07-22,4201.170000000002
2017-07-23,4201.170000000002
2017-07-24,4201.170000000002
2017-07-25,4201.170000000002
2017-07-26,4162.170000000002
2017-07-27,4435.880000000002
2017-07-28,4431.870000000002
2017-07-29,4416.970000000001
2017-07-30,4416.970000000001
2017-07-31,4416.970000000001
2017-08-01,4263.090000000002
2017-08-02,4228.6100000000015
2017-08-03,4228.6100000000015
2017-08-04,5653.690000000001
2017-08-05,5640.750000000002
2017-08-06,5640.750000000002
2017-08-07,5640.750000000002
2017-08-08,5237.050000000001
2017-08-09,5237.050000000001
2017-08-10,5230.590000000002
2017-08-11,4568.230000000001
2017-08-12,4566.680000000001
2017-08-13,4566.680000000001
2017-08-14,4566.680000000001
2017-08-15,4405.6100000000015
2017-08-16,4405.6100000000015
2017-08-17,4140.260000000001
2017-08-18,4140.260000000001
2017-08-19,4105.300000000001
2017-08-20,4105.300000000001
2017-08-21,4105.300000000001
2017-08-22,3398.8400000000015
2017-08-23,3369.2100000000014
2017-08-24,3349.9600000000014
2017-08-25,3309.9600000000014
2017-08-26,3309.9600000000014
2017-08-27,3309.9600000000014
2017-08-28,3309.9600000000014
2017-08-29,3281.540000000002
2017-08-30,3281.540000000002
2017-08-31,3281.540000000002
2017-09-01,3280.6400000000017
2017-09-02,4159.090000000002
2017-09-03,4159.090000000002
2017-09-04,4159.090000000002
2017-09-05,4068.4600000000014
2017-09-06,4068.4600000000014
2017-09-07,4068.4600000000014
2017-09-08,4068.4600000000014
2017-09-09,4068.4600000000014
2017-09-10,4068.4600000000014
2017-09-11,4068.4600000000014
2017-09-12,3859.4700000000016
2017-09-13,3828.2200000000016
2017-09-14,3258.2200000000016
2017-09-15,3255.2000000000016
2017-09-16,3255.2000000000016
2017-09-17,3255.2000000000016
2017-09-18,3255.2000000000016
2017-09-19,3255.2000000000016
2017-09-20,3255.2000000000016
2017-09-21,3186.2100000000014
2017-09-22,3186.2100000000014
2017-09-23,3186.2100000000014
2017-09-24,3186.2100000000014
2017-09-25,3186.2100000000014
2017-09-26,3186.2100000000014
2017-09-27,3147.2100000000014
2017-09-28,3147.2100000000014
2017-09-29,3147.2100000000014
2017-09-30,3147.2100000000014
2017-10-01,3147.2100000000014
2017-10-02,3147.2100000000014
2017-10-03,2531.7700000000013
2017-10-04,4493.300000000001
2017-10-05,4493.300000000001
2017-10-06,4493.300000000001
2017-10-07,4476.800000000001
2017-10-08,4476.800000000001
2017-10-09,4476.800000000001
2017-10-10,4145.9000000000015
2017-10-11,3422.470000000001
2017-10-12,3291.3400000000015
2017-10-13,3291.3400000000015
2017-10-14,3269.8400000000015
2017-10-15,3269.8400000000015
2017-10-16,3269.8400000000015
2017-10-17,3262.4900000000016
2017-10-18,3252.4900000000016
2017-10-19,3232.2900000000013
2017-10-20,3262.2900000000013
2017-10-21,3194.970000000001
2017-10-22,3194.970000000001
2017-10-23,3194.970000000001
2017-10-24,3194.970000000001
2017-10-25,3155.970000000001
2017-10-26,3155.970000000001
2017-10-27,3155.970000000001
2017-10-28,3155.970000000001
2017-10-29,3155.970000000001
2017-10-30,3155.970000000001
2017-10-31,3155.970000000001
2017-11-01,3155.970000000001
2017-11-02,3155.970000000001
2017-11-03,2086.260000000001
2017-11-04,2086.260000000001
2017-11-05,2086.260000000001
2017-11-06,2086.260000000001
2017-11-07,3533.590000000001
2017-11-08,3502.6000000000013
2017-11-09,3502.6000000000013
2017-11-10,3486.970000000001
2017-11-11,2862.080000000001
2017-11-12,2862.080000000001
2017-11-13,2862.080000000001
2017-11-14,2862.080000000001
2017-11-15,2815.800000000001
2017-11-16,2815.800000000001
2017-11-17,2815.800000000001
2017-11-18,2815.800000000001
2017-11-19,2815.800000000001
2017-11-20,2815.800000000001
2017-11-21,2737.1000000000013
2017-11-22,2737.1000000000013
2017-11-23,2737.1000000000013
2017-11-24,2737.1000000000013
2017-11-25,2737.1000000000013
2017-11-26,2737.1000000000013
2017-11-27,2737.1000000000013
2017-11-28,2737.1000000000013
2017-11-29,2737.1000000000013
2017-11-30,2737.1000000000013
2017-12-01,2737.1000000000013
2017-12-02,3489.840000000001
2017-12-03,3489.840000000001
2017-12-04,3489.840000000001
2017-12-05,3356.940000000001
2017-12-06,3288.940000000001
2017-12-07,3288.940000000001
2017-12-08,3257.440000000001
2017-12-09,3257.440000000001
2017-12-10,3257.440000000001
2017-12-11,3257.440000000001
2017-12-12,3257.200000000001
2017-12-13,3257.200000000001
2017-12-14,3257.200000000001
2017-12-15,3252.6400000000012
2017-12-16,3252.6400000000012
2017-12-17,3252.6400000000012
2017-12-18,3252.6400000000012
2017-12-19,3252.6400000000012
2017-12-20,3157.650000000001
2017-12-21,3157.650000000001
2017-12-22,3157.650000000001
2017-12-23,3157.650000000001
2017-12-24,3157.650000000001
2017-12-25,3157.650000000001
2017-12-26,3157.650000000001
2017-12-27,3118.650000000001
2017-12-28,3118.650000000001
2017-12-29,3118.650000000001
2017-12-30,3118.650000000001
2017-12-31,3118.650000000001
2018-01-01,3118.650000000001
2018-01-02,3118.650000000001
2018-01-03,3118.650000000001
2018-01-04,3118.650000000001
2018-01-05,3118.650000000001
2018-01-06,3118.650000000001
2018-01-07,3118.650000000001
2018-01-08,3118.650000000001
2018-01-09,3118.650000000001
2018-01-10,3118.650000000001
2018-01-11,3118.650000000001
2018-01-12,3118.650000000001
2018-01-13,3118.650000000001
2018-01-14,3118.650000000001
2018-01-15,3118.650000000001
2018-01-16,3118.650000000001
2018-01-17,3118.650000000001
2018-01-18,3118.650000000001
2018-01-19,3118.650000000001
2018-01-20,3118.650000000001
2018-01-21,3118.650000000001
2018-01-22,3118.650000000001
2018-01-23,3097.000000000001
2018-01-24,3097.000000000001
2018-01-25,3097.000000000001
2018-01-26,3097.000000000001
2018-01-27,3073.1400000000012
2018-01-28,3073.1400000000012
2018-01-29,3073.1400000000012
2018-01-30,3039.430000000001
2018-01-31,2859.6000000000013
2018-02-01,2721.800000000001
2018-02-02,4545.510000000001
2018-02-03,4520.560000000001
2018-02-04,4520.560000000001
2018-02-05,4520.560000000001
2018-02-06,4500.610000000001
2018-02-07,4151.560000000001
2018-02-08,4111.560000000001
2018-02-09,4111.560000000001
2018-02-10,4066.560000000001
2018-02-11,4066.560000000001
2018-02-12,4066.560000000001
2018-02-13,3426.560000000001
2018-02-14,3426.560000000001
2018-02-15,3581.260000000001
2018-02-16,3581.260000000001
2018-02-17,3546.080000000001
2018-02-18,3546.080000000001
2018-02-19,3546.080000000001
2018-02-20,3506.090000000001
2018-02-21,3354.270000000001
2018-02-22,3354.270000000001
2018-02-23,3345.7800000000007
2018-02-24,3338.2800000000007
2018-02-25,3338.2800000000007
2018-02-26,3338.2800000000007
2018-02-27,3210.150000000001
2018-02-28,2990.730000000001
2018-03-01,2809.680000000001
2018-03-02,2523.350000000001
2018-03-03,2523.350000000001
2018-03-04,2523.350000000001
2018-03-05,2523.350000000001
2018-03-06,6078.640000000001
2018-03-07,3489.8000000000006
2018-03-08,3558.6000000000004
2018-03-09,3558.6000000000004
2018-03-10,3537.2000000000007
2018-03-11,3537.2000000000007
2018-03-12,3537.2000000000007
2018-03-13,5381.080000000001
2018-03-14,5152.300000000001
2018-03-15,4861.750000000001
2018-03-16,4791.800000000001
2018-03-17,4413.740000000001
2018-03-18,4413.740000000001
2018-03-19,4413.740000000001
2018-03-20,4116.590000000001
2018-03-21,4116.590000000001
2018-03-22,3641.890000000001
2018-03-23,3580.870000000001
2018-03-24,3560.890000000001
2018-03-25,3560.890000000001
2018-03-26,3560.890000000001
2018-03-27,3235.870000000001
2018-03-28,3121.310000000001
2018-03-29,3102.800000000001
2018-03-30,3042.020000000001
2018-03-31,3042.020000000001
2018-04-01,3042.020000000001
2018-04-02,3042.020000000001
2018-04-03,2973.020000000001
2018-04-04,2685.750000000001
2018-04-05,4774.760000000001
2018-04-06,4774.760000000001
2018-04-07,4624.760000000001
2018-04-08,4624.760000000001
2018-04-09,4624.760000000001
2018-04-10,4553.740000000002
2018-04-11,4064.670000000001
2018-04-12,3844.670000000001
2018-04-13,3820.960000000001
2018-04-14,3820.960000000001
2018-04-15,3820.960000000001
2018-04-16,3820.960000000001
2018-04-17,3375.030000000001
2018-04-18,3375.030000000001
2018-04-19,3327.0800000000013
2018-04-20,3283.740000000001
2018-04-21,3250.740000000001
2018-04-22,3250.740000000001
2018-04-23,3250.740000000001
2018-04-24,3193.220000000001
2018-04-25,3182.490000000001
2018-04-26,3174.090000000001
2018-04-27,3082.1400000000012
2018-04-28,3068.7800000000016
2018-04-29,3068.7800000000016
2018-04-30,3068.7800000000016
2018-05-01,3019.680000000001
2018-05-02,3019.680000000001
2018-05-03,2612.7700000000013
2018-05-04,2285.5000000000014
2018-05-05,4090.6300000000015
2018-05-06,4090.6300000000015
2018-05-07,4090.6300000000015
2018-05-08,3744.7100000000014
2018-05-09,3672.7100000000014
2018-05-10,3595.9100000000017
2018-05-11,3121.8800000000015
2018-05-12,4829.020000000001
2018-05-13,4829.020000000001
2018-05-14,4829.020000000001
2018-05-15,3353.5700000000015
2018-05-16,3326.4600000000014
2018-05-17,3326.4600000000014
2018-05-18,3250.3200000000015
2018-05-19,3003.1300000000015
2018-05-20,3003.1300000000015
2018-05-21,3003.1300000000015
2018-05-22,2995.6500000000015
2018-05-23,2995.6500000000015
2018-05-24,2901.0900000000015
2018-05-25,2876.0600000000013
2018-05-26,2826.0600000000013
2018-05-27,2826.0600000000013
2018-05-28,2826.0600000000013
2018-05-29,2826.0600000000013
2018-05-30,2826.0600000000013
2018-05-31,2820.9900000000016
2018-06-01,2798.5900000000015
2018-06-02,3984.0300000000016
2018-06-03,3984.0300000000016
2018-06-04,3984.0300000000016
2018-06-05,3441.4700000000016
2018-06-06,3383.3400000000015
2018-06-07,3332.8000000000015
2018-06-08,3327.3000000000015
2018-06-09,3327.3000000000015
2018-06-10,3327.3000000000015
2018-06-11,3327.3000000000015
2018-06-12,3237.2200000000016
2018-06-13,2925.3300000000017
2018-06-14,2875.3300000000017
2018-06-15,2872.3300000000017
2018-06-16,2798.8300000000017
2018-06-17,2798.8300000000017
2018-06-18,2798.8300000000017
2018-06-19,2681.8300000000017
2018-06-20,2681.8300000000017
2018-06-21,2672.050000000002
2018-06-22,2772.050000000002
2018-06-23,2772.050000000002
2018-06-24,2772.050000000002
2018-06-25,2772.050000000002
2018-06-26,2876.4300000000017
2018-06-27,2803.4500000000016
2018-06-28,2762.340000000002
2018-06-29,2762.340000000002
2018-06-30,2762.340000000002
2018-07-01,2762.340000000002
2018-07-02,2762.340000000002
2018-07-03,2526.170000000002
2018-07-04,3375.130000000002
2018-07-05,3345.9100000000017
2018-07-06,3148.9100000000017
2018-07-07,2689.3300000000017
2018-07-08,2689.3300000000017
2018-07-09,2689.3300000000017
2018-07-10,2623.7000000000016
2018-07-11,2623.7000000000016
2018-07-12,2623.7000000000016
2018-07-13,2623.7000000000016
2018-07-14,2583.9800000000014
2018-07-15,2583.9800000000014
2018-07-16,2583.9800000000014
2018-07-17,2583.0500000000015
2018-07-18,2583.0500000000015
2018-07-19,2583.0500000000015
2018-07-20,2494.1000000000013
2018-07-21,2494.1000000000013
2018-07-22,2494.1000000000013
2018-07-23,2494.1000000000013
2018-07-24,2494.1000000000013
2018-07-25,2494.1000000000013
2018-07-26,2494.1000000000013
2018-07-27,4346.580000000002
2018-07-28,3727.2200000000016
2018-07-29,3727.2200000000016
2018-07-30,3727.2200000000016
2018-07-31,3620.5100000000016
2018-08-01,3472.5200000000013
2018-08-02,4942.690000000001
2018-08-03,4904.510000000002
2018-08-04,4867.890000000001
2018-08-05,4867.890000000001
2018-08-06,4867.890000000001
2018-08-07,4748.620000000002
2018-08-08,4748.620000000002
2018-08-09,4748.620000000002
2018-08-10,4694.250000000002
2018-08-11,4094.9100000000017
2018-08-12,4094.9100000000017
2018-08-13,4094.9100000000017
2018-08-14,3661.7000000000016
2018-08-15,3487.1700000000014
2018-08-16,3487.1700000000014
2018-08-17,3235.2100000000014
2018-08-18,2784.040000000002
2018-08-19,2784.040000000002
2018-08-20,2784.040000000002
2018-08-21,2757.9100000000017
2018-08-22,2757.9100000000017
2018-08-23,2705.7100000000014
2018-08-24,2681.1200000000017
2018-08-25,2681.1200000000017
2018-08-26,2681.1200000000017
2018-08-27,2681.1200000000017
2018-08-28,2678.3700000000017
2018-08-29,2684.6300000000015
2018-08-30,2684.6300000000015
2018-08-31,2684.6300000000015
2018-09-01,2684.6300000000015
2018-09-02,2684.6300000000015
2018-09-03,2684.6300000000015
2018-09-04,3792.9300000000017
2018-09-05,3187.9800000000014
2018-09-06,3028.6100000000015
2018-09-07,3019.4500000000016
2018-09-08,3019.4500000000016
2018-09-09,3019.4500000000016
2018-09-10,3019.4500000000016
2018-09-11,2939.8100000000013
2018-09-12,2939.8100000000013
2018-09-13,2939.8100000000013
2018-09-14,2939.8100000000013
2018-09-15,2936.8100000000013
2018-09-16,2936.8100000000013
2018-09-17,2936.8100000000013
2018-09-18,2936.8100000000013
2018-09-19,2936.8100000000013
2018-09-20,2936.8100000000013
2018-09-21,2872.6000000000013
2018-09-22,2872.6000000000013
2018-09-23,2872.6000000000013
2018-09-24,2872.6000000000013
2018-09-25,2794.200000000001
2018-09-26,2676.300000000001
2018-09-27,2696.300000000001
2018-09-28,2696.300000000001
2018-09-29,2300.700000000001
2018-09-30,2300.700000000001
2018-10-01,2300.700000000001
2018-10-02,2089.880000000001
2018-10-03,3935.650000000001
2018-10-04,3335.650000000001
2018-10-05,3335.650000000001
2018-10-06,3309.290000000001
2018-10-07,3309.290000000001
2018-10-08,3309.290000000001
2018-10-09,3234.8500000000013
2018-10-10,3225.8500000000013
2018-10-11,2911.930000000001
2018-10-12,2731.4500000000007
2018-10-13,2731.4500000000007
2018-10-14,2731.4500000000007
2018-10-15,2731.4500000000007
2018-10-16,2724.930000000001
2018-10-17,2724.930000000001
2018-10-18,2724.930000000001
2018-10-19,2695.430000000001
2018-10-20,2617.720000000001
2018-10-21,2617.720000000001
2018-10-22,2617.720000000001
2018-10-23,2617.720000000001
2018-10-24,2578.720000000001
2018-10-25,2578.720000000001
2018-10-26,2504.040000000001
2018-10-27,2498.840000000001
2018-10-28,2498.840000000001
2018-10-29,2498.840000000001
2018-10-30,2136.080000000001
2018-10-31,2136.080000000001
2018-11-01,2136.080000000001
2018-11-02,2136.080000000001
2018-11-03,3832.6900000000014
2018-11-04,3832.6900000000014
2018-11-05,3832.6900000000014
2018-11-06,3699.920000000001
2018-11-07,3649.920000000001
2018-11-08,3623.050000000001
2018-11-09,3497.6200000000013
2018-11-10,3452.240000000001
2018-11-11,3452.240000000001
2018-11-12,3452.240000000001
2018-11-13,3366.590000000001
2018-11-14,3167.720000000001
2018-11-15,3062.970000000001
2018-11-16,3062.970000000001
2018-11-17,3062.970000000001
2018-11-18,3062.970000000001
2018-11-19,3062.970000000001
2018-11-20,3062.970000000001
2018-11-21,2974.490000000001
2018-11-22,3024.490000000001
2018-11-23,3024.490000000001
2018-11-24,3021.090000000001
2018-11-25,3021.090000000001
2018-11-26,3021.090000000001
2018-11-27,2816.1600000000008
2018-11-28,2709.180000000001
2018-11-29,2346.420000000001
2018-11-30,2346.420000000001
2018-12-01,2346.420000000001
2018-12-02,2346.420000000001
2018-12-03,2346.420000000001
2018-12-04,2120.6000000000013
2018-12-05,3150.120000000001
2018-12-06,2700.120000000001
2018-12-07,2700.120000000001
2018-12-08,2700.120000000001
2018-12-09,2700.120000000001
2018-12-10,2700.120000000001
2018-12-11,2700.120000000001
2018-12-12,2700.120000000001
2018-12-13,2700.120000000001
2018-12-14,2700.120000000001
2018-12-15,2693.780000000001
2018-12-16,2693.780000000001
2018-12-17,2693.780000000001
2018-12-18,2693.780000000001
2018-12-19,2693.780000000001
2018-12-20,2609.150000000001
2018-12-21,2609.150000000001
2018-12-22,4491.680000000001
2018-12-23,4491.680000000001
2018-12-24,4491.680000000001
2018-12-25,3567.000000000001
2018-12-26,3567.000000000001
2018-12-27,2917.670000000001
2018-12-28,2795.2800000000007
2018-12-29,2408.4700000000007
2018-12-30,2408.4700000000007
2018-12-31,2408.4700000000007
2019-01-01,2408.4700000000007
2019-01-02,2408.4700000000007
2019-01-03,3015.3200000000006
2019-01-04,2851.420000000001
2019-01-05,2796.4800000000005
2019-01-06,2796.4800000000005
2019-01-07,2796.4800000000005
2019-01-08,2696.790000000001
2019-01-09,2696.790000000001
2019-01-10,2696.790000000001
2019-01-11,2696.790000000001
2019-01-12,2696.790000000001
2019-01-13,2696.790000000001
2019-01-14,2696.790000000001
2019-01-15,2692.1100000000006
2019-01-16,2692.1100000000006
2019-01-17,2692.1100000000006
2019-01-18,2692.1100000000006
2019-01-19,2692.1100000000006
2019-01-20,2692.1100000000006
2019-01-21,2692.1100000000006
2019-01-22,2682.9100000000008
2019-01-23,2586.870000000001
2019-01-24,2586.870000000001
2019-01-25,2586.870000000001
2019-01-26,2586.870000000001
2019-01-27,2586.870000000001
2019-01-28,2586.870000000001
2019-01-29,2185.1100000000006
2019-01-30,2185.1100000000006
2019-01-31,2185.1100000000006
2019-02-01,2185.1100000000006
2019-02-02,1969.5400000000004
2019-02-03,1969.5400000000004
2019-02-04,1969.5400000000004
2019-02-05,2804.05
2019-02-06,3447.0400000000004
2019-02-07,3394.0700000000006
2019-02-08,3104.3600000000006
2019-02-09,3088.8500000000004
2019-02-10,3088.8500000000004
2019-02-11,3088.8500000000004
2019-02-12,2888.8500000000004
2019-02-13,2888.8500000000004
2019-02-14,2880.3700000000003
2019-02-15,2790.42
2019-02-16,2746.1500000000005
2019-02-17,2746.1500000000005
2019-02-18,2746.1500000000005
2019-02-19,2746.1500000000005
2019-02-20,2742.1600000000003
2019-02-21,2713.0700000000006
2019-02-22,2713.0700000000006
2019-02-23,2713.0700000000006
2019-02-24,2713.0700000000006
2019-02-25,2713.0700000000006
2019-02-26,2618.01
2019-02-27,2618.01
2019-02-28,2618.01
2019-03-01,2255.2500000000005
2019-03-02,2108.0800000000004
2019-03-03,2108.0800000000004
2019-03-04,2108.0800000000004
2019-03-05,3097.9100000000003
2019-03-06,3081.21
2019-03-07,3081.21
2019-03-08,3189.38
2019-03-09,2789.38
2019-03-10,2789.38
2019-03-11,2789.38
2019-03-12,2789.38
2019-03-13,2789.38
2019-03-14,2785.98
2019-03-15,2769.35
2019-03-16,2735.77
2019-03-17,2735.77
2019-03-18,2735.77
2019-03-19,2690.4700000000003
2019-03-20,2690.4700000000003
2019-03-21,2690.4700000000003
2019-03-22,2582.74
2019-03-23,2582.74
2019-03-24,2582.74
2019-03-25,2582.74
2019-03-26,2484.0299999999997
2019-03-27,2445.0299999999997
2019-03-28,2445.0299999999997
2019-03-29,2051.61
2019-03-30,2051.61
2019-03-31,2051.61
2019-04-01,2051.61
2019-04-02,2051.61
2019-04-03,2051.61
2019-04-04,2907.3500000000004
2019-04-05,2907.3500000000004
2019-04-06,2907.3500000000004
2019-04-07,2907.3500000000004
2019-04-08,2907.3500000000004
2019-04-09,2907.3500000000004
2019-04-10,4402.85
2019-04-11,2671.83
2019-04-12,1964.3400000000001
2019-04-13,1843.8700000000003
2019-04-14,1843.8700000000003
2019-04-15,1843.8700000000003
2019-04-16,1772.6700000000005
2019-04-17,1772.6700000000005
2019-04-18,1772.6700000000005
2019-04-19,1772.6700000000005
2019-04-20,1772.6700000000005
2019-04-21,1772.6700000000005
2019-04-22,1772.6700000000005
2019-04-23,1732.6700000000005
2019-04-24,1732.6700000000005
2019-04-25,1648.3700000000003
2019-04-26,1561.0600000000004
2019-04-27,1561.0600000000004
2019-04-28,1561.0600000000004
2019-04-29,1561.0600000000004
2019-04-30,1198.3000000000002
2019-05-01,1159.3000000000002
2019-05-02,1159.3000000000002
2019-05-03,1159.3000000000002
2019-05-04,2099.05
2019-05-05,2099.05
2019-05-06,2099.05
2019-05-07,771.6700000000001
2019-05-08,770.6700000000001
2019-05-09,655.4700000000003
2019-05-10,608.8000000000002
2019-05-11,582.1200000000003
2019-05-12,582.1200000000003
2019-05-13,582.1200000000003
2019-05-14,496.5500000000002
2019-05-15,490.1400000000003
2019-05-16,490.1400000000003
2019-05-17,490.1400000000003
2019-05-18,422.2900000000004
2019-05-19,422.2900000000004
2019-05-20,422.2900000000004
2019-05-21,422.2900000000004
2019-05-22,422.2900000000004
2019-05-23,388.1900000000005
2019-05-24,282.4300000000003
2019-05-25,242.4300000000003
2019-05-26,242.4300000000003
2019-05-27,242.4300000000003
2019-05-28,164.5600000000004
2019-05-29,-227.16999999999916
2019-05-30,-256.4299999999994
2019-05-31,-256.4299999999994
2019-06-01,-256.4299999999994
2019-06-02,-256.4299999999994
2019-06-03,-256.4299999999994
2019-06-04,-295.4299999999994
2019-06-05,462.50000000000045
2019-06-06,371.97000000000025
2019-06-07,371.97000000000025
2019-06-08,288.57000000000016
2019-06-09,288.57000000000016
2019-06-10,288.57000000000016
2019-06-11,-0.36999999999989086
2019-06-12,-10.960000000000036
2019-06-13,-22.359999999999673
2019-06-14,-53.75
2019-06-15,-58.14000000000033
2019-06-16,-58.14000000000033
2019-06-17,-58.14000000000033
2019-06-18,-59.99000000000069
2019-06-19,-126.61000000000058
2019-06-20,-126.61000000000058
2019-06-21,-126.61000000000058
2019-06-22,-126.61000000000058
2019-06-23,-126.61000000000058
2019-06-24,-126.61000000000058
2019-06-25,-165.61000000000058
2019-06-26,-252.92000000000098
2019-06-27,-252.92000000000098
2019-06-28,-252.92000000000098
2019-06-29,-615.6800000000012
2019-06-30,-615.6800000000012
2019-07-01,-615.6800000000012
2019-07-02,-615.6800000000012
2019-07-03,-615.6800000000012
2019-07-04,-615.6800000000012
2019-07-05,-615.6800000000012
2019-07-06,-615.6800000000012
2019-07-07,-615.6800000000012
2019-07-08,-615.6800000000012
2019-07-09,-615.6800000000012
2019-07-10,-615.6800000000012
2019-07-11,-615.6800000000012
2019-07-12,-615.6800000000012
2019-07-13,-615.6800000000012
2019-07-14,-615.6800000000012
2019-07-15,-615.6800000000012
2019-07-16,-615.6800000000012
2019-07-17,-615.6800000000012
2019-07-18,-615.6800000000012
2019-07-19,-615.6800000000012
2019-07-20,-615.6800000000012
2019-07-21,-615.6800000000012
2019-07-22,-615.6800000000012
2019-07-23,-615.6800000000012
2019-07-24,-615.6800000000012
2019-07-25,-615.6800000000012
2019-07-26,-615.6800000000012
2019-07-27,-615.6800000000012
2019-07-28,-615.6800000000012
2019-07-29,-615.6800000000012
2019-07-30,-615.6800000000012
2019-07-31,-615.6800000000012
2019-08-01,-615.6800000000012
2019-08-02,-615.6800000000012
2019-08-03,-615.6800000000012
2019-08-04,-615.6800000000012
2019-08-05,-615.6800000000012
2019-08-06,-615.6800000000012
2019-08-07,-615.6800000000012
2019-08-08,-615.6800000000012
2019-08-09,-615.6800000000012
2019-08-10,-615.6800000000012
2019-08-11,-615.6800000000012
2019-08-12,-615.6800000000012
2019-08-13,-615.6800000000012
2019-08-14,-615.6800000000012
2019-08-15,-615.6800000000012
2019-08-16,-615.6800000000012
2019-08-17,-615.6800000000012
2019-08-18,-615.6800000000012
2019-08-19,-615.6800000000012
2019-08-20,-615.6800000000012
2019-08-21,-615.6800000000012
2019-08-22,-615.6800000000012
2019-08-23,-615.6800000000012
2019-08-24,-615.6800000000012
2019-08-25,-615.6800000000012
2019-08-26,-615.6800000000012
2019-08-27,-615.6800000000012
2019-08-28,-615.6800000000012
2019-08-29,-615.6800000000012
2019-08-30,-615.6800000000012
2019-08-31,-615.6800000000012
2019-09-01,-615.6800000000012
2019-09-02,-615.6800000000012
2019-09-03,-615.6800000000012
2019-09-04,-615.6800000000012
2019-09-05,-615.6800000000012
2019-09-06,-615.6800000000012
2019-09-07,-615.6800000000012
2019-09-08,-615.6800000000012
2019-09-09,-615.6800000000012
2019-09-10,-615.6800000000012
2019-09-11,-615.6800000000012
2019-09-12,-615.6800000000012
2019-09-13,-615.6800000000012
2019-09-14,-615.6800000000012
2019-09-15,-615.6800000000012
2019-09-16,-615.6800000000012
2019-09-17,-690.4300000000012
2019-09-18,-703.4300000000012
2019-09-19,-763.4100000000008
2019-09-20,-952.4100000000008
2019-09-21,-985.5500000000011
2019-09-22,-985.5500000000011
2019-09-23,-985.5500000000011
2019-09-24,-985.5500000000011
2019-09-25,-985.5500000000011
2019-09-26,-789.5200000000013
2019-09-27,-876.9700000000012
2019-09-28,-904.8600000000015
2019-09-29,-904.8600000000015
2019-09-30,-922.7600000000011
2019-10-01,-1242.5400000000009
2019-10-02,-1242.5400000000009
2019-10-03,-386.0500000000011
2019-10-04,-386.0500000000011
2019-10-05,-502.15000000000146
2019-10-06,-673.1400000000012
2019-10-07,-693.1400000000012
2019-10-08,-693.1400000000012
2019-10-09,-693.1400000000012
2019-10-10,-678.2300000000014
2019-10-11,-678.2300000000014
2019-10-12,-824.3300000000017
2019-10-13,-824.3300000000017
2019-10-14,-828.3200000000015
2019-10-15,-828.3200000000015
2019-10-16,-828.3200000000015
2019-10-17,-870.6600000000017
2019-10-18,-870.6600000000017
2019-10-19,-949.3900000000012
2019-10-20,-949.3900000000012
2019-10-21,-949.3900000000012
2019-10-22,-949.3900000000012
2019-10-23,-949.3900000000012
2019-10-24,-969.3900000000012
2019-10-25,-1073.8300000000008
2019-10-26,-1073.8300000000008
2019-10-27,-1073.8300000000008
2019-10-28,-1073.8300000000008
2019-10-29,-1436.590000000001
2019-10-30,-1436.590000000001
2019-10-31,-1436.590000000001
2019-11-01,-1436.590000000001
2019-11-02,-1436.590000000001
2019-11-03,-1436.590000000001
2019-11-04,-1436.590000000001
2019-11-05,-1475.590000000001
2019-11-06,-1475.590000000001
2019-11-07,200.17999999999893
2019-11-08,-727.0400000000009
2019-11-09,-840.7400000000007
2019-11-10,-859.6100000000006
2019-11-11,-859.6100000000006
2019-11-12,-859.6100000000006
2019-11-13,-859.6100000000006
2019-11-14,-865.0700000000006
2019-11-15,-865.0700000000006
2019-11-16,-865.0700000000006
2019-11-17,-865.0700000000006
2019-11-18,-865.0700000000006
2019-11-19,-865.0700000000006
2019-11-20,-950.4700000000003
2019-11-21,-950.4700000000003
2019-11-22,-950.4700000000003
2019-11-23,-950.4700000000003
2019-11-24,-1049.37
2019-11-25,-1054.37
2019-11-26,-1141.8199999999997
2019-11-27,-1141.8199999999997
2019-11-28,-1167.4499999999998
2019-11-29,-1530.21
2019-11-30,-1569.21
2019-12-01,-1569.21
2019-12-02,-1569.21
2019-12-03,-1569.21
2019-12-04,-1569.21
2019-12-05,-908.8299999999999
2019-12-06,-1095.63
2019-12-07,-539.8599999999997
2019-12-08,-633.8599999999997
2019-12-09,-633.8599999999997
2019-12-10,-687.1099999999997
2019-12-11,-687.1099999999997
2019-12-12,-687.1099999999997
2019-12-13,-687.1099999999997
2019-12-14,-1059.04
2019-12-15,-1059.04
2019-12-16,-1059.04
2019-12-17,-1059.04
2019-12-18,-1059.04
2019-12-19,-1059.04
2019-12-20,-1146.0199999999995
2019-12-21,612.2000000000007
2019-12-22,612.2000000000007
2019-12-23,612.2000000000007
2019-12-24,612.2000000000007
2019-12-25,612.2000000000007
2019-12-26,612.2000000000007
2019-12-27,612.2000000000007
2019-12-28,612.2000000000007
2019-12-29,612.2000000000007
2019-12-30,612.2000000000007
2019-12-31,612.2000000000007
2020-01-01,612.2000000000007
2020-01-02,612.2000000000007
2020-01-03,612.2000000000007
2020-01-04,612.2000000000007
2020-01-05,612.2000000000007
2020-01-06,612.2000000000007
2020-01-07,612.2000000000007
2020-01-08,612.2000000000007
2020-01-09,612.2000000000007
2020-01-10,612.2000000000007
2020-01-11,612.2000000000007
2020-01-12,612.2000000000007
2020-01-13,612.2000000000007
2020-01-14,612.2000000000007
2020-01-15,612.2000000000007
2020-01-16,612.2000000000007
2020-01-17,612.2000000000007
2020-01-18,612.2000000000007
2020-01-19,612.2000000000007
2020-01-20,612.2000000000007
2020-01-21,612.2000000000007
2020-01-22,612.2000000000007
2020-01-23,612.2000000000007
2020-01-24,612.2000000000007
2020-01-25,612.2000000000007
2020-01-26,612.2000000000007
2020-01-27,612.2000000000007
2020-01-28,612.2000000000007
2020-01-29,612.2000000000007
2020-01-30,612.2000000000007
2020-01-31,612.2000000000007
2020-02-01,612.2000000000007
2020-02-02,612.2000000000007
2020-02-03,612.2000000000007
2020-02-04,612.2000000000007
2020-02-05,612.2000000000007
2020-02-06,612.2000000000007
2020-02-07,612.2000000000007
2020-02-08,612.2000000000007
2020-02-09,612.2000000000007
2020-02-10,612.2000000000007
2020-02-11,612.2000000000007
2020-02-12,612.2000000000007
2020-02-13,612.2000000000007
2020-02-14,612.2000000000007
2020-02-15,612.2000000000007
2020-02-16,612.2000000000007
2020-02-17,612.2000000000007
2020-02-18,612.2000000000007
2020-02-19,612.2000000000007
2020-02-20,612.2000000000007
2020-02-21,612.2000000000007
2020-02-22,612.2000000000007
2020-02-23,612.2000000000007
2020-02-24,612.2000000000007
2020-02-25,612.2000000000007
2020-02-26,612.2000000000007
2020-02-27,612.2000000000007
2020-02-28,612.2000000000007
2020-02-29,612.2000000000007
2020-03-01,612.2000000000007
2020-03-02,612.2000000000007
2020-03-03,612.2000000000007
2020-03-04,612.2000000000007
2020-03-05,612.2000000000007
2020-03-06,612.2000000000007
2020-03-07,612.2000000000007
2020-03-08,612.2000000000007
2020-03-09,612.2000000000007
2020-03-10,612.2000000000007
2020-03-11,612.2000000000007
2020-03-12,612.2000000000007
2020-03-13,612.2000000000007
2020-03-14,612.2000000000007
2020-03-15,612.2000000000007
2020-03-16,612.2000000000007
2020-03-17,612.2000000000007
2020-03-18,612.2000000000007
2020-03-19,612.2000000000007
2020-03-20,612.2000000000007
2020-03-21,612.2000000000007
2020-03-22,612.2000000000007
2020-03-23,612.2000000000007
2020-03-24,612.2000000000007
2020-03-25,612.2000000000007
2020-03-26,612.2000000000007
2020-03-27,612.2000000000007
2020-03-28,612.2000000000007
2020-03-29,612.2000000000007
2020-03-30,612.2000000000007
2020-03-31,612.2000000000007
2020-04-01,612.2000000000007
2020-04-02,612.2000000000007
2020-04-03,612.2000000000007
2020-04-04,612.2000000000007
2020-04-05,612.2000000000007
2020-04-06,612.2000000000007
2020-04-07,612.2000000000007
2020-04-08,612.2000000000007
2020-04-09,612.2000000000007
2020-04-10,612.2000000000007
2020-04-11,612.2000000000007
2020-04-12,612.2000000000007
2020-04-13,612.2000000000007
2020-04-14,612.2000000000007
2020-04-15,612.2000000000007
2020-04-16,612.2000000000007
2020-04-17,612.2000000000007
2020-04-18,612.2000000000007
2020-04-19,612.2000000000007
2020-04-20,612.2000000000007
2020-04-21,612.2000000000007
2020-04-22,612.2000000000007
2020-04-23,612.2000000000007
2020-04-24,612.2000000000007
2020-04-25,612.2000000000007
2020-04-26,612.2000000000007
2020-04-27,612.2000000000007
2020-04-28,612.2000000000007
2020-04-29,612.2000000000007
2020-04-30,612.2000000000007
2020-05-01,612.2000000000007
2020-05-02,612.2000000000007
2020-05-03,612.2000000000007
2020-05-04,612.2000000000007
2020-05-05,-82.71999999999935
2020-05-06,1897.9000000000005
2020-05-07,1787.7900000000004
2020-05-08,1787.7900000000004
2020-05-09,1717.0800000000004
2020-05-10,1717.0800000000004
2020-05-11,1717.0800000000004
2020-05-12,1204.1800000000003
2020-05-13,1104.1800000000003
2020-05-14,935.7100000000005
2020-05-15,927.7500000000005
2020-05-16,868.9700000000003
2020-05-17,868.9700000000003
2020-05-18,868.9700000000003
2020-05-19,857.5000000000005
2020-05-20,794.2000000000003
2020-05-21,811.0700000000002
2020-05-22,791.8500000000004
2020-05-23,808.2000000000003
2020-05-24,808.2000000000003
2020-05-25,808.2000000000003
2020-05-26,605.9700000000003
2020-05-27,535.5200000000004
2020-05-28,460.1400000000003
2020-05-29,64.69000000000051
2020-05-30,63.54000000000042
2020-05-31,63.54000000000042
2020-06-01,63.54000000000042
2020-06-02,2012.1000000000004
2020-06-03,1703.9600000000005
2020-06-04,1703.9600000000005
2020-06-05,1703.9600000000005
2020-06-06,1603.0100000000007
2020-06-07,1603.0100000000007
2020-06-08,1603.0100000000007
2020-06-09,1142.8300000000008
2020-06-10,1012.4900000000007
2020-06-11,876.2000000000007
2020-06-12,570.0000000000009
2020-06-13,470.08000000000084
2020-06-14,470.08000000000084
2020-06-15,470.08000000000084
2020-06-16,412.4700000000007
2020-06-17,377.8200000000006
2020-06-18,377.8200000000006
2020-06-19,311.8200000000006
2020-06-20,261.90000000000055
2020-06-21,261.90000000000055
2020-06-22,261.90000000000055
2020-06-23,261.68000000000075
2020-06-24,261.68000000000075
2020-06-25,261.68000000000075
2020-06-26,261.68000000000075
2020-06-27,261.68000000000075
2020-06-28,261.68000000000075
2020-06-29,261.68000000000075
2020-06-30,-172.39999999999964
2020-07-01,-172.39999999999964
2020-07-02,-199.22999999999956
2020-07-03,-227.85999999999967
2020-07-04,-227.85999999999967
2020-07-05,-227.85999999999967
2020-07-06,-227.85999999999967
2020-07-07,1307.8000000000002
2020-07-08,1131.38
2020-07-09,531.3800000000001
2020-07-10,465.72000000000025
2020-07-11,450.57000000000016
2020-07-12,450.57000000000016
2020-07-13,450.57000000000016
2020-07-14,457.05999999999995
2020-07-15,377.3600000000001
2020-07-16,2259.7200000000003
2020-07-17,2246.82
2020-07-18,2234.1000000000004
2020-07-19,2234.1000000000004
2020-07-20,2234.1000000000004
2020-07-21,1634.1400000000003
2020-07-22,1623.1900000000005
2020-07-23,1497.0100000000007
2020-07-24,1478.9800000000005
